# name Peugeot 406 Break
# halfW 11
# floor 5
# belt 14
# roof 20
# zFront 29
# zRear -29
# wheelZF 19
# wheelZR -15
# wheelX 8
# wheelY 5
# windZ 14
# roofFZ 6
# roofRZ -24
# seatZ 4
# engine front
# doors 14,0 0,-12
-11 6 -3 P
-11 6 -2 P
-11 6 -1 P
-11 6 0 P
-11 7 -3 B
-11 7 -2 B
-11 7 -1 B
-11 7 0 B
-11 8 -3 P
-11 8 -2 P
-11 8 -1 P
-11 8 0 P
-11 9 -3 P
-11 9 -2 P
-11 9 -1 P
-11 9 0 P
-11 10 -3 P
-11 10 -2 P
-11 10 -1 P
-11 10 0 P
-11 11 -3 P
-11 11 -2 P
-11 11 -1 P
-11 11 0 P
-11 12 -3 P
-11 12 -2 P
-11 12 -1 P
-11 12 0 P
-10 5 -24 P
-10 5 -23 P
-10 5 -22 P
-10 5 -21 P
-10 5 -20 P
-10 5 -19 P
-10 5 -18 P
-10 5 -17 P
-10 5 -16 P
-10 5 -15 P
-10 5 -14 P
-10 5 -13 P
-10 5 -12 P
-10 5 -11 P
-10 5 -10 P
-10 5 -9 P
-10 5 -8 P
-10 5 -7 P
-10 5 -6 P
-10 5 -5 P
-10 5 -4 P
-10 5 -3 P
-10 5 -2 P
-10 5 -1 P
-10 5 0 P
-10 5 1 P
-10 5 2 P
-10 5 3 P
-10 5 4 P
-10 5 5 P
-10 5 6 P
-10 5 7 P
-10 5 8 P
-10 5 9 P
-10 5 10 P
-10 5 11 P
-10 5 12 P
-10 5 13 P
-10 5 14 P
-10 5 15 P
-10 5 16 P
-10 5 17 P
-10 5 18 P
-10 5 19 P
-10 5 20 P
-10 5 21 P
-10 5 22 P
-10 6 -26 B
-10 6 -25 P
-10 6 -24 P
-10 6 -23 P
-10 6 -22 P
-10 6 -21 P
-10 6 -20 P
-10 6 -19 P
-10 6 -18 P
-10 6 -17 P
-10 6 -16 P
-10 6 -15 P
-10 6 -14 P
-10 6 -13 P
-10 6 -12 P
-10 6 -11 P
-10 6 -10 P
-10 6 -9 P
-10 6 -8 P
-10 6 -7 P
-10 6 -6 P
-10 6 -5 P
-10 6 -4 P
-10 6 -3 P
-10 6 -2 P
-10 6 -1 P
-10 6 0 P
-10 6 1 P
-10 6 2 P
-10 6 3 P
-10 6 4 P
-10 6 5 P
-10 6 6 P
-10 6 7 P
-10 6 8 P
-10 6 9 P
-10 6 10 P
-10 6 11 P
-10 6 12 P
-10 6 13 P
-10 6 14 P
-10 6 15 P
-10 6 16 P
-10 6 17 P
-10 6 18 P
-10 6 19 P
-10 6 20 P
-10 6 21 P
-10 6 22 P
-10 6 23 P
-10 7 -26 B
-10 7 -25 B
-10 7 -24 B
-10 7 -23 B
-10 7 -22 B
-10 7 -21 B
-10 7 -20 B
-10 7 -19 B
-10 7 -18 B
-10 7 -17 B
-10 7 -16 B
-10 7 -15 B
-10 7 -14 B
-10 7 -13 B
-10 7 -12 B
-10 7 -11 B
-10 7 -10 B
-10 7 -9 B
-10 7 -8 B
-10 7 -7 B
-10 7 -6 B
-10 7 -5 B
-10 7 -4 B
-10 7 -3 P
-10 7 -2 P
-10 7 -1 P
-10 7 0 P
-10 7 1 B
-10 7 2 B
-10 7 3 B
-10 7 4 B
-10 7 5 B
-10 7 6 B
-10 7 7 B
-10 7 8 B
-10 7 9 B
-10 7 10 B
-10 7 11 B
-10 7 12 B
-10 7 13 B
-10 7 14 B
-10 7 15 B
-10 7 16 B
-10 7 17 B
-10 7 18 B
-10 7 19 B
-10 7 20 B
-10 7 21 B
-10 7 22 B
-10 7 23 B
-10 8 -26 B
-10 8 -25 P
-10 8 -24 P
-10 8 -23 P
-10 8 -22 P
-10 8 -21 P
-10 8 -20 P
-10 8 -19 P
-10 8 -18 P
-10 8 -17 P
-10 8 -16 P
-10 8 -15 P
-10 8 -14 P
-10 8 -13 P
-10 8 -12 P
-10 8 -11 P
-10 8 -10 P
-10 8 -9 P
-10 8 -8 P
-10 8 -7 P
-10 8 -6 P
-10 8 -5 P
-10 8 -4 P
-10 8 -3 P
-10 8 -2 P
-10 8 -1 P
-10 8 0 P
-10 8 1 P
-10 8 2 P
-10 8 3 P
-10 8 4 P
-10 8 5 P
-10 8 6 P
-10 8 7 P
-10 8 8 P
-10 8 9 P
-10 8 10 P
-10 8 11 P
-10 8 12 P
-10 8 13 P
-10 8 14 P
-10 8 15 P
-10 8 16 P
-10 8 17 P
-10 8 18 P
-10 8 19 P
-10 8 20 P
-10 8 21 P
-10 8 22 P
-10 8 23 P
-10 9 -26 P
-10 9 -25 P
-10 9 -24 P
-10 9 -23 P
-10 9 -22 P
-10 9 -21 P
-10 9 -20 P
-10 9 -19 P
-10 9 -18 P
-10 9 -17 P
-10 9 -16 P
-10 9 -15 P
-10 9 -14 P
-10 9 -13 P
-10 9 -12 P
-10 9 -11 P
-10 9 -10 P
-10 9 -9 P
-10 9 -8 P
-10 9 -7 P
-10 9 -6 P
-10 9 -5 P
-10 9 -4 P
-10 9 -3 P
-10 9 -2 P
-10 9 -1 P
-10 9 0 P
-10 9 1 P
-10 9 2 P
-10 9 3 P
-10 9 4 P
-10 9 5 P
-10 9 6 P
-10 9 7 P
-10 9 8 P
-10 9 9 P
-10 9 10 P
-10 9 11 P
-10 9 12 P
-10 9 13 P
-10 9 14 P
-10 9 15 P
-10 9 16 P
-10 9 17 P
-10 9 18 P
-10 9 19 P
-10 9 20 P
-10 9 21 P
-10 9 22 P
-10 9 23 P
-10 10 -26 P
-10 10 -25 P
-10 10 -24 P
-10 10 -23 P
-10 10 -22 P
-10 10 -21 P
-10 10 -20 P
-10 10 -19 P
-10 10 -18 P
-10 10 -17 P
-10 10 -16 P
-10 10 -15 P
-10 10 -14 P
-10 10 -13 P
-10 10 -12 P
-10 10 -11 P
-10 10 -10 P
-10 10 -9 P
-10 10 -8 P
-10 10 -7 P
-10 10 -6 P
-10 10 -5 P
-10 10 -4 P
-10 10 -3 P
-10 10 -2 P
-10 10 -1 P
-10 10 0 P
-10 10 1 P
-10 10 2 P
-10 10 3 P
-10 10 4 P
-10 10 5 P
-10 10 6 P
-10 10 7 P
-10 10 8 P
-10 10 9 P
-10 10 10 P
-10 10 11 P
-10 10 12 P
-10 10 13 P
-10 10 14 P
-10 10 15 P
-10 10 16 P
-10 10 17 P
-10 10 18 P
-10 10 19 P
-10 10 20 P
-10 10 21 P
-10 10 22 P
-10 10 23 P
-10 11 -26 P
-10 11 -25 P
-10 11 -24 P
-10 11 -23 P
-10 11 -22 P
-10 11 -21 P
-10 11 -20 P
-10 11 -19 P
-10 11 -18 P
-10 11 -17 P
-10 11 -16 P
-10 11 -15 P
-10 11 -14 P
-10 11 -13 P
-10 11 -12 P
-10 11 -11 P
-10 11 -10 P
-10 11 -9 P
-10 11 -8 P
-10 11 -7 P
-10 11 -6 P
-10 11 -5 P
-10 11 -4 P
-10 11 -3 P
-10 11 -2 P
-10 11 -1 P
-10 11 0 P
-10 11 1 P
-10 11 2 P
-10 11 3 P
-10 11 4 P
-10 11 5 P
-10 11 6 P
-10 11 7 P
-10 11 8 P
-10 11 9 P
-10 11 10 P
-10 11 11 P
-10 11 12 P
-10 11 13 P
-10 11 14 P
-10 11 15 P
-10 11 16 P
-10 11 17 P
-10 11 18 P
-10 11 19 P
-10 11 20 P
-10 11 21 P
-10 11 22 P
-10 11 23 P
-10 12 -26 P
-10 12 -25 P
-10 12 -24 P
-10 12 -23 P
-10 12 -22 P
-10 12 -21 P
-10 12 -20 P
-10 12 -19 P
-10 12 -18 P
-10 12 -17 P
-10 12 -16 P
-10 12 -15 P
-10 12 -14 P
-10 12 -13 P
-10 12 -12 P
-10 12 -11 P
-10 12 -10 P
-10 12 -9 P
-10 12 -8 P
-10 12 -7 P
-10 12 -6 P
-10 12 -5 P
-10 12 -4 P
-10 12 -3 P
-10 12 -2 P
-10 12 -1 P
-10 12 0 P
-10 12 1 P
-10 12 2 P
-10 12 3 P
-10 12 4 P
-10 12 5 P
-10 12 6 P
-10 12 7 P
-10 12 8 P
-10 12 9 P
-10 12 10 P
-10 12 11 P
-10 12 12 P
-10 12 13 P
-10 12 14 P
-10 12 15 P
-10 12 16 P
-10 12 17 P
-10 12 18 P
-10 12 19 P
-10 12 20 P
-10 13 -26 P
-10 13 -25 P
-10 13 -24 P
-10 13 -23 P
-10 13 -22 P
-10 13 -21 P
-10 13 -20 P
-10 13 -19 P
-10 13 -18 P
-10 13 -17 P
-10 13 -16 P
-10 13 -15 P
-10 13 -14 P
-10 13 -13 P
-10 13 -12 P
-10 13 -11 P
-10 13 -10 P
-10 13 -9 P
-10 13 -8 P
-10 13 -7 P
-10 13 -6 P
-10 13 -5 P
-10 13 -4 P
-10 13 -3 P
-10 13 -2 P
-10 13 -1 P
-10 13 0 P
-10 13 1 P
-10 13 2 P
-10 13 3 P
-10 13 4 P
-10 13 5 P
-10 13 6 P
-10 13 7 P
-10 13 8 P
-10 13 9 P
-10 13 10 P
-10 13 11 P
-10 13 12 P
-10 13 13 P
-10 13 14 P
-10 14 -26 P
-10 14 -25 P
-10 14 -24 P
-10 14 -23 P
-10 14 -22 P
-10 14 -21 P
-10 14 -20 P
-10 14 -19 P
-10 14 -18 P
-10 14 -17 P
-10 14 -16 P
-10 14 -15 P
-10 14 -14 P
-10 14 -13 P
-10 14 -12 P
-10 14 -11 P
-10 14 -10 P
-10 14 -9 P
-10 14 -8 P
-10 14 -7 P
-10 14 -6 P
-10 14 -5 P
-10 14 -4 P
-10 14 -3 P
-10 14 -2 P
-10 14 -1 P
-10 14 0 P
-10 14 1 P
-10 14 2 P
-10 14 3 G
-10 14 4 G
-10 14 5 G
-10 14 6 P
-10 14 7 P
-10 14 8 P
-10 14 9 P
-10 14 10 P
-10 14 11 P
-10 14 12 P
-10 15 -24 P
-10 15 -23 G
-10 15 -22 G
-10 15 -21 G
-10 15 -20 G
-10 15 -19 G
-10 15 -18 G
-10 15 -17 G
-10 15 -16 G
-10 15 -15 G
-10 15 -14 G
-10 15 -13 G
-10 15 -12 P
-10 15 -11 P
-10 15 -10 G
-10 15 -9 G
-10 15 -8 G
-10 15 -7 G
-10 15 -6 G
-10 15 -5 G
-10 15 -4 G
-10 15 -3 G
-10 15 -2 G
-10 15 -1 P
-10 15 0 P
-10 15 1 G
-10 15 2 G
-10 15 3 G
-10 15 4 G
-10 15 5 G
-10 15 6 P
-10 15 7 P
-10 15 8 P
-10 15 9 P
-10 15 10 P
-10 16 -23 P
-10 16 -22 P
-10 16 -21 P
-10 16 -20 G
-10 16 -19 G
-10 16 -18 G
-10 16 -17 G
-10 16 -16 G
-10 16 -15 G
-10 16 -14 G
-10 16 -13 G
-10 16 -12 P
-10 16 -11 P
-10 16 -10 G
-10 16 -9 G
-10 16 -8 G
-10 16 -7 G
-10 16 -6 G
-10 16 -5 G
-10 16 -4 G
-10 16 -3 G
-10 16 -2 G
-10 16 -1 P
-10 16 0 P
-10 16 1 G
-10 16 2 G
-10 16 3 G
-10 16 4 G
-10 16 5 P
-10 16 6 P
-10 16 7 P
-10 17 -20 P
-10 17 -19 P
-10 17 -18 P
-10 17 -17 P
-10 17 -16 P
-10 17 -15 P
-10 17 -14 P
-10 17 -13 P
-10 17 -12 P
-10 17 -11 P
-10 17 -10 P
-10 17 -9 P
-10 17 -8 P
-10 17 -7 P
-10 17 -6 P
-10 17 -5 P
-10 17 -4 P
-10 17 -3 P
-10 17 -2 P
-10 17 -1 P
-10 17 0 P
-10 17 1 P
-10 17 2 P
-10 17 3 P
-10 17 4 P
-9 5 -26 P
-9 5 -25 P
-9 5 -24 P
-9 5 -23 P
-9 5 -22 P
-9 5 -21 P
-9 5 -20 P
-9 5 -19 P
-9 5 -18 P
-9 5 -17 P
-9 5 -16 P
-9 5 -15 P
-9 5 -14 P
-9 5 -13 P
-9 5 -12 P
-9 5 -11 P
-9 5 -10 P
-9 5 -9 P
-9 5 -8 P
-9 5 -7 P
-9 5 -6 P
-9 5 -5 P
-9 5 -4 P
-9 5 -3 P
-9 5 -2 P
-9 5 -1 P
-9 5 0 P
-9 5 1 P
-9 5 2 P
-9 5 3 P
-9 5 4 P
-9 5 5 P
-9 5 6 P
-9 5 7 P
-9 5 8 P
-9 5 9 P
-9 5 10 P
-9 5 11 P
-9 5 12 P
-9 5 13 P
-9 5 14 P
-9 5 15 P
-9 5 16 P
-9 5 17 P
-9 5 18 P
-9 5 19 P
-9 5 20 P
-9 5 21 P
-9 5 22 P
-9 5 23 P
-9 5 24 P
-9 5 25 P
-9 6 -28 B
-9 6 -27 B
-9 6 -26 P
-9 6 -25 P
-9 6 -24 P
-9 6 -23 P
-9 6 -22 P
-9 6 -21 P
-9 6 -20 P
-9 6 -19 P
-9 6 -18 P
-9 6 -17 P
-9 6 -16 P
-9 6 -15 P
-9 6 -14 P
-9 6 -13 P
-9 6 -12 P
-9 6 -11 P
-9 6 -10 P
-9 6 -9 P
-9 6 -8 P
-9 6 -7 P
-9 6 -6 P
-9 6 -5 P
-9 6 -4 P
-9 6 -3 P
-9 6 -2 P
-9 6 -1 P
-9 6 0 P
-9 6 1 P
-9 6 2 P
-9 6 3 P
-9 6 4 P
-9 6 5 P
-9 6 6 P
-9 6 7 P
-9 6 8 P
-9 6 9 P
-9 6 10 P
-9 6 11 P
-9 6 12 P
-9 6 13 P
-9 6 14 P
-9 6 15 P
-9 6 16 P
-9 6 17 P
-9 6 18 P
-9 6 19 P
-9 6 20 P
-9 6 21 P
-9 6 22 P
-9 6 23 P
-9 6 24 P
-9 6 25 P
-9 6 26 B
-9 7 -28 B
-9 7 -27 B
-9 7 -26 P
-9 7 -25 P
-9 7 -24 P
-9 7 -23 P
-9 7 -22 P
-9 7 -21 P
-9 7 -20 P
-9 7 -19 P
-9 7 -18 P
-9 7 -17 P
-9 7 -16 P
-9 7 -15 P
-9 7 -14 P
-9 7 -13 P
-9 7 -12 P
-9 7 -11 P
-9 7 -10 P
-9 7 -9 P
-9 7 -8 P
-9 7 -7 P
-9 7 -6 P
-9 7 -5 P
-9 7 -4 P
-9 7 -3 P
-9 7 -2 P
-9 7 -1 P
-9 7 0 P
-9 7 1 P
-9 7 2 P
-9 7 3 P
-9 7 4 P
-9 7 5 P
-9 7 6 P
-9 7 7 P
-9 7 8 P
-9 7 9 P
-9 7 10 P
-9 7 11 P
-9 7 12 P
-9 7 13 P
-9 7 14 P
-9 7 15 P
-9 7 16 P
-9 7 17 P
-9 7 18 P
-9 7 19 P
-9 7 20 P
-9 7 21 P
-9 7 22 P
-9 7 23 P
-9 7 24 B
-9 7 25 B
-9 7 26 B
-9 8 -28 B
-9 8 -27 B
-9 8 -26 P
-9 8 -25 P
-9 8 -24 P
-9 8 -23 P
-9 8 -22 P
-9 8 -21 P
-9 8 -20 P
-9 8 -19 P
-9 8 -18 P
-9 8 -17 P
-9 8 -16 P
-9 8 -15 P
-9 8 -14 P
-9 8 -13 P
-9 8 -12 P
-9 8 -11 P
-9 8 -10 P
-9 8 -9 P
-9 8 -8 P
-9 8 -7 P
-9 8 -6 P
-9 8 -5 P
-9 8 -4 P
-9 8 -3 P
-9 8 -2 P
-9 8 -1 P
-9 8 0 P
-9 8 1 P
-9 8 2 P
-9 8 3 P
-9 8 4 P
-9 8 5 P
-9 8 6 P
-9 8 7 P
-9 8 8 P
-9 8 9 P
-9 8 10 P
-9 8 11 P
-9 8 12 P
-9 8 13 P
-9 8 14 P
-9 8 15 P
-9 8 16 P
-9 8 17 P
-9 8 18 P
-9 8 19 P
-9 8 20 P
-9 8 21 P
-9 8 22 P
-9 8 23 P
-9 8 24 P
-9 8 25 P
-9 8 26 B
-9 9 -28 P
-9 9 -27 P
-9 9 -26 P
-9 9 -25 P
-9 9 -24 P
-9 9 -23 P
-9 9 -22 P
-9 9 -21 P
-9 9 -20 P
-9 9 -19 P
-9 9 -18 P
-9 9 -17 P
-9 9 -16 P
-9 9 -15 P
-9 9 -14 P
-9 9 -13 P
-9 9 -12 P
-9 9 -11 P
-9 9 -10 P
-9 9 -9 P
-9 9 -8 P
-9 9 -7 P
-9 9 -6 P
-9 9 -5 P
-9 9 -4 P
-9 9 -3 P
-9 9 -2 P
-9 9 -1 P
-9 9 0 P
-9 9 1 P
-9 9 2 P
-9 9 3 P
-9 9 4 P
-9 9 5 P
-9 9 6 P
-9 9 7 P
-9 9 8 P
-9 9 9 P
-9 9 10 P
-9 9 11 P
-9 9 12 P
-9 9 13 P
-9 9 14 P
-9 9 15 P
-9 9 16 P
-9 9 17 P
-9 9 18 P
-9 9 19 P
-9 9 20 P
-9 9 21 P
-9 9 22 P
-9 9 23 P
-9 9 24 P
-9 9 25 P
-9 9 26 P
-9 10 -28 P
-9 10 -27 P
-9 10 -26 P
-9 10 -25 P
-9 10 -24 P
-9 10 -23 P
-9 10 -22 P
-9 10 -21 P
-9 10 -20 P
-9 10 -19 P
-9 10 -18 P
-9 10 -17 P
-9 10 -16 P
-9 10 -15 P
-9 10 -14 P
-9 10 -13 P
-9 10 -12 P
-9 10 -11 P
-9 10 -10 P
-9 10 -9 P
-9 10 -8 P
-9 10 -7 P
-9 10 -6 P
-9 10 -5 P
-9 10 -4 P
-9 10 -3 P
-9 10 -2 P
-9 10 -1 P
-9 10 0 P
-9 10 1 P
-9 10 2 P
-9 10 3 P
-9 10 4 P
-9 10 5 P
-9 10 6 P
-9 10 7 P
-9 10 8 P
-9 10 9 P
-9 10 10 P
-9 10 11 P
-9 10 12 P
-9 10 13 P
-9 10 14 P
-9 10 15 P
-9 10 16 P
-9 10 17 P
-9 10 18 P
-9 10 19 P
-9 10 20 P
-9 10 21 P
-9 10 22 P
-9 10 23 P
-9 10 24 P
-9 10 25 P
-9 10 26 P
-9 11 -28 P
-9 11 -27 P
-9 11 -26 P
-9 11 -25 P
-9 11 -24 P
-9 11 -23 P
-9 11 -22 P
-9 11 -21 P
-9 11 -20 P
-9 11 -19 P
-9 11 -18 P
-9 11 -17 P
-9 11 -16 P
-9 11 -15 P
-9 11 -14 P
-9 11 -13 P
-9 11 -12 P
-9 11 -11 P
-9 11 -10 P
-9 11 -9 P
-9 11 -8 P
-9 11 -7 P
-9 11 -6 P
-9 11 -5 P
-9 11 -4 P
-9 11 -3 P
-9 11 -2 P
-9 11 -1 P
-9 11 0 P
-9 11 1 P
-9 11 2 P
-9 11 3 P
-9 11 4 P
-9 11 5 P
-9 11 6 P
-9 11 7 P
-9 11 8 P
-9 11 9 P
-9 11 10 P
-9 11 11 P
-9 11 12 P
-9 11 13 P
-9 11 14 P
-9 11 15 P
-9 11 16 P
-9 11 17 P
-9 11 18 P
-9 11 19 P
-9 11 20 P
-9 11 21 P
-9 11 22 P
-9 11 23 P
-9 11 24 P
-9 11 25 H
-9 12 -28 P
-9 12 -27 P
-9 12 -26 P
-9 12 -25 P
-9 12 -24 P
-9 12 -23 P
-9 12 -22 P
-9 12 -21 P
-9 12 -20 P
-9 12 -19 P
-9 12 -18 P
-9 12 -17 P
-9 12 -16 P
-9 12 -15 P
-9 12 -14 P
-9 12 -13 P
-9 12 -12 P
-9 12 -11 P
-9 12 -10 P
-9 12 -9 P
-9 12 -8 P
-9 12 -7 P
-9 12 -6 P
-9 12 -5 P
-9 12 -4 P
-9 12 -3 P
-9 12 -2 P
-9 12 -1 P
-9 12 0 P
-9 12 1 P
-9 12 2 P
-9 12 3 P
-9 12 4 P
-9 12 5 P
-9 12 6 P
-9 12 7 P
-9 12 8 P
-9 12 9 P
-9 12 10 P
-9 12 11 P
-9 12 12 P
-9 12 13 P
-9 12 14 P
-9 12 15 P
-9 12 16 P
-9 12 17 P
-9 12 18 P
-9 12 19 P
-9 12 20 P
-9 12 21 P
-9 12 22 P
-9 13 -28 T
-9 13 -27 P
-9 13 -26 P
-9 13 -25 P
-9 13 -24 P
-9 13 -23 P
-9 13 -22 P
-9 13 -21 P
-9 13 -20 P
-9 13 -19 P
-9 13 -18 P
-9 13 -17 P
-9 13 -16 P
-9 13 -15 P
-9 13 -14 P
-9 13 -13 P
-9 13 -12 P
-9 13 -11 P
-9 13 -10 P
-9 13 -9 P
-9 13 -8 P
-9 13 -7 P
-9 13 -6 P
-9 13 -5 P
-9 13 -4 P
-9 13 -3 P
-9 13 -2 P
-9 13 -1 P
-9 13 0 P
-9 13 1 P
-9 13 2 P
-9 13 3 P
-9 13 4 P
-9 13 5 P
-9 13 6 P
-9 13 7 P
-9 13 8 P
-9 13 9 P
-9 13 10 P
-9 13 11 P
-9 13 12 P
-9 13 13 P
-9 13 14 P
-9 13 15 P
-9 14 -28 T
-9 14 -27 P
-9 14 -26 P
-9 14 -25 P
-9 14 -24 P
-9 14 -23 P
-9 14 -22 P
-9 14 -21 P
-9 14 -20 P
-9 14 -19 P
-9 14 -18 P
-9 14 -17 P
-9 14 -16 P
-9 14 -15 P
-9 14 -14 P
-9 14 -13 P
-9 14 -12 P
-9 14 -11 P
-9 14 -10 P
-9 14 -9 P
-9 14 -8 P
-9 14 -7 P
-9 14 -6 P
-9 14 -5 P
-9 14 -4 P
-9 14 -3 P
-9 14 -2 P
-9 14 -1 P
-9 14 0 P
-9 14 1 P
-9 14 2 P
-9 14 3 P
-9 14 4 P
-9 14 5 P
-9 14 6 P
-9 14 7 P
-9 14 8 P
-9 14 9 P
-9 14 10 P
-9 14 11 P
-9 14 12 G
-9 15 -27 T
-9 15 -26 P
-9 15 -25 P
-9 15 -24 P
-9 15 -23 P
-9 15 -22 P
-9 15 -21 P
-9 15 -20 P
-9 15 -19 P
-9 15 -18 P
-9 15 -17 P
-9 15 -16 P
-9 15 -15 P
-9 15 -14 P
-9 15 -13 P
-9 15 -12 P
-9 15 -11 P
-9 15 -10 P
-9 15 -9 P
-9 15 -8 P
-9 15 -7 P
-9 15 -6 P
-9 15 -5 P
-9 15 -4 P
-9 15 -3 P
-9 15 -2 P
-9 15 -1 P
-9 15 0 P
-9 15 1 P
-9 15 2 P
-9 15 3 P
-9 15 4 P
-9 15 5 P
-9 15 6 P
-9 15 7 P
-9 15 8 P
-9 15 9 P
-9 15 10 G
-9 15 11 P
-9 16 -27 P
-9 16 -26 P
-9 16 -25 P
-9 16 -24 P
-9 16 -23 P
-9 16 -22 P
-9 16 -21 P
-9 16 -20 P
-9 16 -19 P
-9 16 -18 P
-9 16 -17 P
-9 16 -16 P
-9 16 -15 P
-9 16 -14 P
-9 16 -13 P
-9 16 -12 P
-9 16 -11 P
-9 16 -10 P
-9 16 -9 P
-9 16 -8 P
-9 16 -7 P
-9 16 -6 P
-9 16 -5 P
-9 16 -4 P
-9 16 -3 P
-9 16 -2 P
-9 16 -1 P
-9 16 0 P
-9 16 1 P
-9 16 2 P
-9 16 3 P
-9 16 4 P
-9 16 5 P
-9 16 6 P
-9 16 7 P
-9 16 8 P
-9 16 9 P
-9 17 -26 P
-9 17 -25 P
-9 17 -24 P
-9 17 -23 G
-9 17 -22 G
-9 17 -21 G
-9 17 -20 P
-9 17 -19 P
-9 17 -18 P
-9 17 -17 P
-9 17 -16 P
-9 17 -15 P
-9 17 -14 P
-9 17 -13 P
-9 17 -12 P
-9 17 -11 P
-9 17 -10 P
-9 17 -9 P
-9 17 -8 P
-9 17 -7 P
-9 17 -6 P
-9 17 -5 P
-9 17 -4 P
-9 17 -3 P
-9 17 -2 P
-9 17 -1 P
-9 17 0 P
-9 17 1 P
-9 17 2 P
-9 17 3 P
-9 17 4 P
-9 17 5 G
-9 17 6 P
-9 17 7 P
-9 17 8 P
-9 18 -26 P
-9 18 -25 P
-9 18 -24 P
-9 18 -23 G
-9 18 -22 G
-9 18 -21 G
-9 18 -20 G
-9 18 -19 G
-9 18 -18 G
-9 18 -17 G
-9 18 -16 G
-9 18 -15 G
-9 18 -14 G
-9 18 -13 G
-9 18 -12 P
-9 18 -11 P
-9 18 -10 G
-9 18 -9 G
-9 18 -8 G
-9 18 -7 G
-9 18 -6 G
-9 18 -5 G
-9 18 -4 G
-9 18 -3 G
-9 18 -2 G
-9 18 -1 P
-9 18 0 P
-9 18 1 G
-9 18 2 G
-9 18 3 G
-9 18 4 G
-9 18 5 G
-9 18 6 P
-9 18 7 P
-9 19 -25 P
-9 19 -24 P
-9 19 -23 G
-9 19 -22 G
-9 19 -21 G
-9 19 -20 G
-9 19 -19 G
-9 19 -18 G
-9 19 -17 G
-9 19 -16 G
-9 19 -15 G
-9 19 -14 G
-9 19 -13 G
-9 19 -12 P
-9 19 -11 P
-9 19 -10 G
-9 19 -9 G
-9 19 -8 P
-9 19 -7 P
-9 19 -6 P
-9 19 -5 P
-9 19 -4 P
-9 19 -3 P
-9 19 -2 P
-9 19 -1 P
-9 19 0 P
-9 19 1 P
-9 19 2 P
-9 19 3 P
-9 19 4 P
-9 19 5 P
-9 20 -23 P
-9 20 -22 P
-9 20 -21 P
-9 20 -20 P
-9 20 -19 P
-9 20 -18 P
-9 20 -17 P
-9 20 -16 P
-9 20 -15 P
-9 20 -14 P
-9 20 -13 P
-9 20 -12 P
-9 20 -11 P
-9 20 -10 P
-9 20 -9 P
-8 5 -26 P
-8 5 -25 P
-8 5 -24 P
-8 5 -23 P
-8 5 -22 P
-8 5 -21 P
-8 5 -20 P
-8 5 -19 P
-8 5 -18 P
-8 5 -17 P
-8 5 -16 P
-8 5 -15 P
-8 5 -14 P
-8 5 -13 P
-8 5 -12 P
-8 5 -11 P
-8 5 -10 P
-8 5 -9 P
-8 5 -8 P
-8 5 -7 P
-8 5 -6 P
-8 5 -5 P
-8 5 -4 P
-8 5 -3 P
-8 5 -2 P
-8 5 -1 P
-8 5 0 P
-8 5 1 P
-8 5 2 P
-8 5 3 P
-8 5 4 P
-8 5 5 P
-8 5 6 P
-8 5 7 P
-8 5 8 P
-8 5 9 P
-8 5 10 P
-8 5 11 P
-8 5 12 P
-8 5 13 P
-8 5 14 P
-8 5 15 P
-8 5 16 P
-8 5 17 P
-8 5 18 P
-8 5 19 P
-8 5 20 P
-8 5 21 P
-8 5 22 P
-8 5 23 P
-8 5 24 P
-8 5 25 P
-8 5 26 P
-8 5 27 P
-8 6 -28 B
-8 6 -27 B
-8 6 -26 P
-8 6 -25 P
-8 6 -24 P
-8 6 -23 P
-8 6 -22 P
-8 6 -21 P
-8 6 -20 P
-8 6 -19 P
-8 6 -18 P
-8 6 -17 P
-8 6 -16 P
-8 6 -15 P
-8 6 -14 P
-8 6 -13 P
-8 6 -12 P
-8 6 -11 P
-8 6 -10 P
-8 6 -9 P
-8 6 -8 P
-8 6 -7 P
-8 6 -6 P
-8 6 -5 P
-8 6 -4 P
-8 6 -3 P
-8 6 -2 P
-8 6 -1 P
-8 6 0 P
-8 6 1 P
-8 6 2 P
-8 6 3 P
-8 6 4 P
-8 6 5 P
-8 6 6 P
-8 6 7 P
-8 6 8 P
-8 6 9 P
-8 6 10 P
-8 6 11 P
-8 6 12 P
-8 6 13 P
-8 6 14 P
-8 6 15 P
-8 6 16 P
-8 6 17 P
-8 6 18 P
-8 6 19 P
-8 6 20 P
-8 6 21 P
-8 6 22 P
-8 6 23 P
-8 6 24 P
-8 6 25 P
-8 6 26 P
-8 6 27 B
-8 7 -29 B
-8 7 -28 P
-8 7 -27 P
-8 7 -26 P
-8 7 -25 P
-8 7 -24 P
-8 7 -23 P
-8 7 -22 P
-8 7 -21 P
-8 7 -20 P
-8 7 -19 P
-8 7 -18 P
-8 7 -17 P
-8 7 -16 P
-8 7 -15 P
-8 7 -14 P
-8 7 -13 P
-8 7 -12 P
-8 7 -11 P
-8 7 -10 P
-8 7 -9 P
-8 7 -8 P
-8 7 -7 P
-8 7 -6 P
-8 7 -5 P
-8 7 -4 P
-8 7 -3 P
-8 7 -2 P
-8 7 -1 P
-8 7 0 P
-8 7 1 P
-8 7 2 P
-8 7 3 P
-8 7 4 P
-8 7 5 P
-8 7 6 P
-8 7 7 P
-8 7 8 P
-8 7 9 P
-8 7 10 P
-8 7 11 P
-8 7 12 P
-8 7 13 P
-8 7 14 P
-8 7 15 P
-8 7 16 P
-8 7 17 P
-8 7 18 P
-8 7 19 P
-8 7 20 P
-8 7 21 P
-8 7 22 P
-8 7 23 P
-8 7 24 P
-8 7 25 P
-8 7 26 P
-8 7 27 B
-8 8 -29 B
-8 8 -28 P
-8 8 -27 P
-8 8 -26 P
-8 8 -25 P
-8 8 -24 P
-8 8 -23 P
-8 8 -22 P
-8 8 -21 P
-8 8 -20 P
-8 8 -19 P
-8 8 -18 P
-8 8 -17 P
-8 8 -16 P
-8 8 -15 P
-8 8 -14 P
-8 8 -13 P
-8 8 -12 P
-8 8 -11 P
-8 8 -10 P
-8 8 -9 P
-8 8 -8 P
-8 8 -7 P
-8 8 -6 P
-8 8 -5 P
-8 8 -4 P
-8 8 -3 P
-8 8 -2 P
-8 8 -1 P
-8 8 0 P
-8 8 1 P
-8 8 2 P
-8 8 3 P
-8 8 4 P
-8 8 5 P
-8 8 6 P
-8 8 7 P
-8 8 8 P
-8 8 9 P
-8 8 10 P
-8 8 11 P
-8 8 12 P
-8 8 13 P
-8 8 14 P
-8 8 15 P
-8 8 16 P
-8 8 17 P
-8 8 18 P
-8 8 19 P
-8 8 20 P
-8 8 21 P
-8 8 22 P
-8 8 23 P
-8 8 24 P
-8 8 25 P
-8 8 26 P
-8 8 27 B
-8 9 -29 P
-8 9 -28 P
-8 9 -27 P
-8 9 -26 P
-8 9 -25 P
-8 9 -24 P
-8 9 -23 P
-8 9 -22 P
-8 9 -21 P
-8 9 -20 P
-8 9 -19 P
-8 9 -18 P
-8 9 -17 P
-8 9 -16 P
-8 9 -15 P
-8 9 -14 P
-8 9 -13 P
-8 9 -12 P
-8 9 -11 P
-8 9 -10 P
-8 9 -9 P
-8 9 -8 P
-8 9 -7 P
-8 9 -6 P
-8 9 -5 P
-8 9 -4 P
-8 9 -3 P
-8 9 -2 P
-8 9 -1 P
-8 9 0 P
-8 9 1 P
-8 9 2 P
-8 9 3 P
-8 9 4 P
-8 9 5 P
-8 9 6 P
-8 9 7 P
-8 9 8 P
-8 9 9 P
-8 9 10 P
-8 9 11 P
-8 9 12 P
-8 9 13 P
-8 9 14 P
-8 9 15 P
-8 9 16 P
-8 9 17 P
-8 9 18 P
-8 9 19 P
-8 9 20 P
-8 9 21 P
-8 9 22 P
-8 9 23 P
-8 9 24 P
-8 9 25 P
-8 9 26 P
-8 9 27 P
-8 10 -29 P
-8 10 -28 P
-8 10 -27 P
-8 10 -26 P
-8 10 -25 P
-8 10 -24 P
-8 10 -23 P
-8 10 -22 P
-8 10 -21 P
-8 10 -20 P
-8 10 -19 P
-8 10 -18 P
-8 10 -17 P
-8 10 -16 P
-8 10 -15 P
-8 10 -14 P
-8 10 -13 P
-8 10 -12 P
-8 10 -11 P
-8 10 -10 P
-8 10 -9 P
-8 10 -8 P
-8 10 -7 P
-8 10 -6 P
-8 10 -5 P
-8 10 -4 P
-8 10 -3 P
-8 10 -2 P
-8 10 -1 P
-8 10 0 P
-8 10 1 P
-8 10 2 P
-8 10 3 P
-8 10 4 P
-8 10 5 P
-8 10 6 P
-8 10 7 P
-8 10 8 P
-8 10 9 P
-8 10 10 P
-8 10 11 P
-8 10 12 P
-8 10 13 P
-8 10 14 P
-8 10 15 P
-8 10 16 P
-8 10 17 P
-8 10 18 P
-8 10 19 P
-8 10 20 P
-8 10 21 P
-8 10 22 P
-8 10 23 P
-8 10 24 P
-8 10 25 P
-8 10 26 P
-8 10 27 P
-8 11 -29 P
-8 11 -28 P
-8 11 -27 P
-8 11 -26 P
-8 11 -25 P
-8 11 -24 P
-8 11 -23 P
-8 11 -22 P
-8 11 -21 P
-8 11 -20 P
-8 11 -19 P
-8 11 -18 P
-8 11 -17 P
-8 11 -16 P
-8 11 -15 P
-8 11 -14 P
-8 11 -13 P
-8 11 -12 P
-8 11 -11 P
-8 11 -10 P
-8 11 -9 P
-8 11 -8 P
-8 11 -7 P
-8 11 -6 P
-8 11 -5 P
-8 11 -4 P
-8 11 -3 P
-8 11 -2 P
-8 11 -1 P
-8 11 0 P
-8 11 1 P
-8 11 2 P
-8 11 3 P
-8 11 4 P
-8 11 5 P
-8 11 6 P
-8 11 7 P
-8 11 8 P
-8 11 9 P
-8 11 10 P
-8 11 11 P
-8 11 12 P
-8 11 13 P
-8 11 14 P
-8 11 15 P
-8 11 16 P
-8 11 17 P
-8 11 18 P
-8 11 19 P
-8 11 20 P
-8 11 21 P
-8 11 22 P
-8 11 23 P
-8 11 24 P
-8 11 25 P
-8 11 26 H
-8 12 -29 P
-8 12 -28 P
-8 12 -27 P
-8 12 -26 P
-8 12 -25 P
-8 12 -24 P
-8 12 -23 P
-8 12 -22 P
-8 12 -21 P
-8 12 -20 P
-8 12 -19 P
-8 12 -18 P
-8 12 -17 P
-8 12 -16 P
-8 12 -15 P
-8 12 -14 P
-8 12 -13 P
-8 12 -12 P
-8 12 -11 P
-8 12 -10 P
-8 12 -9 P
-8 12 -8 P
-8 12 -7 P
-8 12 -6 P
-8 12 -5 P
-8 12 -4 P
-8 12 -3 P
-8 12 -2 P
-8 12 -1 P
-8 12 0 P
-8 12 1 P
-8 12 2 P
-8 12 3 P
-8 12 4 P
-8 12 5 P
-8 12 6 P
-8 12 7 P
-8 12 8 P
-8 12 9 P
-8 12 10 P
-8 12 11 P
-8 12 12 P
-8 12 13 P
-8 12 14 P
-8 12 15 P
-8 12 16 P
-8 12 17 P
-8 12 18 P
-8 12 19 P
-8 12 20 P
-8 12 21 P
-8 12 22 P
-8 12 23 P
-8 13 -29 P
-8 13 -28 P
-8 13 -27 P
-8 13 -26 P
-8 13 -25 P
-8 13 -24 P
-8 13 -23 P
-8 13 -22 P
-8 13 -21 P
-8 13 -20 P
-8 13 -19 P
-8 13 -18 P
-8 13 -17 P
-8 13 -16 P
-8 13 -15 P
-8 13 -14 P
-8 13 -13 P
-8 13 -12 P
-8 13 -11 P
-8 13 -10 P
-8 13 -9 P
-8 13 -8 P
-8 13 -7 P
-8 13 -6 P
-8 13 -5 P
-8 13 -4 P
-8 13 -3 P
-8 13 -2 P
-8 13 -1 P
-8 13 0 P
-8 13 1 P
-8 13 2 P
-8 13 3 P
-8 13 4 P
-8 13 5 P
-8 13 6 P
-8 13 7 P
-8 13 8 P
-8 13 9 P
-8 13 10 P
-8 13 11 P
-8 13 12 P
-8 13 13 P
-8 13 14 P
-8 13 15 P
-8 13 16 P
-8 14 -29 P
-8 14 -28 P
-8 14 -27 P
-8 14 -26 P
-8 14 -25 P
-8 14 -24 P
-8 14 -23 P
-8 14 -22 P
-8 14 -21 P
-8 14 -20 P
-8 14 -19 P
-8 14 -18 P
-8 14 -17 P
-8 14 -16 P
-8 14 -15 P
-8 14 -14 P
-8 14 -13 P
-8 14 -12 P
-8 14 -11 P
-8 14 -10 P
-8 14 -9 P
-8 14 -8 P
-8 14 -7 P
-8 14 -6 P
-8 14 -5 P
-8 14 -4 P
-8 14 -3 P
-8 14 -2 P
-8 14 -1 P
-8 14 0 P
-8 14 1 P
-8 14 2 P
-8 14 3 P
-8 14 4 P
-8 14 5 P
-8 14 6 P
-8 14 7 P
-8 14 8 P
-8 14 9 P
-8 14 10 P
-8 14 11 P
-8 14 12 G
-8 14 13 P
-8 15 -28 P
-8 15 -27 P
-8 15 -26 P
-8 15 -25 P
-8 15 -24 P
-8 15 -23 P
-8 15 -22 P
-8 15 -21 P
-8 15 -20 P
-8 15 -19 P
-8 15 -18 P
-8 15 -17 P
-8 15 -16 P
-8 15 -15 P
-8 15 -14 P
-8 15 -13 P
-8 15 -12 P
-8 15 -11 P
-8 15 -10 P
-8 15 -9 P
-8 15 -8 P
-8 15 -7 P
-8 15 -6 P
-8 15 -5 P
-8 15 -4 P
-8 15 -3 P
-8 15 -2 P
-8 15 -1 P
-8 15 0 P
-8 15 1 P
-8 15 2 P
-8 15 3 P
-8 15 4 P
-8 15 5 P
-8 15 6 P
-8 15 7 P
-8 15 8 P
-8 15 9 P
-8 15 10 P
-8 15 11 G
-8 16 -28 P
-8 16 -27 P
-8 16 -26 P
-8 16 -25 P
-8 16 -24 P
-8 16 -23 P
-8 16 -22 P
-8 16 -21 P
-8 16 -20 P
-8 16 -19 P
-8 16 -18 P
-8 16 -17 P
-8 16 -16 P
-8 16 -15 P
-8 16 -14 P
-8 16 -13 P
-8 16 -12 P
-8 16 -11 P
-8 16 -10 P
-8 16 -9 P
-8 16 -8 P
-8 16 -7 P
-8 16 -6 P
-8 16 -5 P
-8 16 -4 P
-8 16 -3 P
-8 16 -2 P
-8 16 -1 P
-8 16 0 P
-8 16 1 P
-8 16 2 P
-8 16 3 P
-8 16 4 P
-8 16 5 P
-8 16 6 P
-8 16 7 P
-8 16 8 P
-8 16 9 G
-8 16 10 P
-8 17 -28 P
-8 17 -27 P
-8 17 -26 P
-8 17 -25 P
-8 17 -24 P
-8 17 -23 P
-8 17 -22 P
-8 17 -21 P
-8 17 -20 P
-8 17 -19 P
-8 17 -18 P
-8 17 -17 P
-8 17 -16 P
-8 17 -15 P
-8 17 -14 P
-8 17 -13 P
-8 17 -12 P
-8 17 -11 P
-8 17 -10 P
-8 17 -9 P
-8 17 -8 P
-8 17 -7 P
-8 17 -6 P
-8 17 -5 P
-8 17 -4 P
-8 17 -3 P
-8 17 -2 P
-8 17 -1 P
-8 17 0 P
-8 17 1 P
-8 17 2 P
-8 17 3 P
-8 17 4 P
-8 17 5 P
-8 17 6 P
-8 17 7 P
-8 17 8 G
-8 18 -27 P
-8 18 -26 P
-8 18 -25 P
-8 18 -24 P
-8 18 -23 P
-8 18 -22 P
-8 18 -21 P
-8 18 -20 P
-8 18 -19 P
-8 18 -18 P
-8 18 -17 P
-8 18 -16 P
-8 18 -15 P
-8 18 -14 P
-8 18 -13 P
-8 18 -12 P
-8 18 -11 P
-8 18 -10 P
-8 18 -9 P
-8 18 -8 P
-8 18 -7 P
-8 18 -6 P
-8 18 -5 P
-8 18 -4 P
-8 18 -3 P
-8 18 -2 P
-8 18 -1 P
-8 18 0 P
-8 18 1 P
-8 18 2 P
-8 18 3 P
-8 18 4 P
-8 18 5 P
-8 18 6 P
-8 18 7 G
-8 19 -26 P
-8 19 -25 G
-8 19 -24 P
-8 19 -23 P
-8 19 -22 P
-8 19 -21 P
-8 19 -20 P
-8 19 -19 P
-8 19 -18 P
-8 19 -17 P
-8 19 -16 P
-8 19 -15 P
-8 19 -14 P
-8 19 -13 P
-8 19 -12 P
-8 19 -11 P
-8 19 -10 P
-8 19 -9 P
-8 19 -8 P
-8 19 -7 P
-8 19 -6 P
-8 19 -5 P
-8 19 -4 P
-8 19 -3 P
-8 19 -2 P
-8 19 -1 P
-8 19 0 P
-8 19 1 P
-8 19 2 P
-8 19 3 P
-8 19 4 P
-8 19 5 P
-8 19 6 P
-8 20 -24 P
-8 20 -23 P
-8 20 -22 P
-8 20 -21 P
-8 20 -20 P
-8 20 -19 P
-8 20 -18 P
-8 20 -17 P
-8 20 -16 P
-8 20 -15 P
-8 20 -14 P
-8 20 -13 P
-8 20 -12 P
-8 20 -11 P
-8 20 -10 P
-8 20 -9 P
-8 20 -8 P
-8 20 -7 P
-8 20 -6 P
-8 20 -5 C
-8 20 -4 C
-8 20 -3 C
-8 20 -2 C
-8 20 -1 C
-8 20 0 C
-8 20 1 C
-8 20 2 C
-8 20 3 C
-7 5 -26 P
-7 5 -25 P
-7 5 -24 P
-7 5 -23 P
-7 5 -22 P
-7 5 -21 P
-7 5 -20 P
-7 5 -19 P
-7 5 -18 P
-7 5 -17 P
-7 5 -16 P
-7 5 -15 P
-7 5 -14 P
-7 5 -13 P
-7 5 -12 P
-7 5 -11 P
-7 5 -10 P
-7 5 -9 P
-7 5 -8 P
-7 5 -7 P
-7 5 -6 P
-7 5 -5 P
-7 5 -4 P
-7 5 -3 P
-7 5 -2 P
-7 5 -1 P
-7 5 0 P
-7 5 1 P
-7 5 2 P
-7 5 3 P
-7 5 4 P
-7 5 5 P
-7 5 6 P
-7 5 7 P
-7 5 8 P
-7 5 9 P
-7 5 10 P
-7 5 11 P
-7 5 12 P
-7 5 13 P
-7 5 14 P
-7 5 15 P
-7 5 16 P
-7 5 17 P
-7 5 18 P
-7 5 19 P
-7 5 20 P
-7 5 21 P
-7 5 22 P
-7 5 23 P
-7 5 24 P
-7 5 25 P
-7 5 26 P
-7 5 27 P
-7 5 28 P
-7 6 -29 B
-7 6 -28 B
-7 6 -27 B
-7 6 -26 P
-7 6 -25 P
-7 6 -24 P
-7 6 -23 P
-7 6 -22 P
-7 6 -21 P
-7 6 -20 P
-7 6 -19 P
-7 6 -18 P
-7 6 -17 P
-7 6 -16 P
-7 6 -15 P
-7 6 -14 P
-7 6 -13 P
-7 6 -12 P
-7 6 -11 P
-7 6 -10 P
-7 6 -9 P
-7 6 -8 P
-7 6 -7 P
-7 6 -6 P
-7 6 -5 P
-7 6 -4 P
-7 6 -3 P
-7 6 -2 P
-7 6 -1 P
-7 6 0 P
-7 6 1 P
-7 6 2 P
-7 6 3 P
-7 6 4 P
-7 6 5 P
-7 6 6 P
-7 6 7 P
-7 6 8 P
-7 6 9 P
-7 6 10 P
-7 6 11 P
-7 6 12 P
-7 6 13 P
-7 6 14 P
-7 6 15 P
-7 6 16 P
-7 6 17 P
-7 6 18 P
-7 6 19 P
-7 6 20 P
-7 6 21 P
-7 6 22 P
-7 6 23 P
-7 6 24 P
-7 6 25 P
-7 6 26 P
-7 6 27 P
-7 6 28 B
-7 7 -29 B
-7 7 -28 P
-7 7 -27 P
-7 7 -26 P
-7 7 -25 P
-7 7 -24 P
-7 7 -23 P
-7 7 -22 P
-7 7 -21 P
-7 7 -20 P
-7 7 -19 P
-7 7 -18 P
-7 7 -17 P
-7 7 -16 P
-7 7 -15 P
-7 7 -14 P
-7 7 -13 P
-7 7 -12 P
-7 7 -11 P
-7 7 -10 P
-7 7 -9 P
-7 7 -8 P
-7 7 -7 P
-7 7 -6 P
-7 7 -5 P
-7 7 -4 P
-7 7 -3 P
-7 7 -2 P
-7 7 -1 P
-7 7 0 P
-7 7 1 P
-7 7 2 P
-7 7 3 P
-7 7 4 P
-7 7 5 P
-7 7 6 P
-7 7 7 P
-7 7 8 P
-7 7 9 P
-7 7 10 P
-7 7 11 P
-7 7 12 P
-7 7 13 P
-7 7 14 P
-7 7 15 P
-7 7 16 P
-7 7 17 P
-7 7 18 P
-7 7 19 P
-7 7 20 P
-7 7 21 P
-7 7 22 P
-7 7 23 P
-7 7 24 P
-7 7 25 P
-7 7 26 P
-7 7 27 P
-7 7 28 B
-7 8 -29 B
-7 8 -28 P
-7 8 -27 P
-7 8 -26 P
-7 8 -25 P
-7 8 -24 P
-7 8 -23 P
-7 8 -22 P
-7 8 -21 P
-7 8 -20 P
-7 8 -19 P
-7 8 -18 P
-7 8 -17 P
-7 8 -16 P
-7 8 -15 P
-7 8 -14 P
-7 8 -13 P
-7 8 -12 P
-7 8 -11 P
-7 8 -10 P
-7 8 -9 P
-7 8 -8 P
-7 8 -7 P
-7 8 -6 P
-7 8 -5 P
-7 8 -4 P
-7 8 -3 P
-7 8 -2 P
-7 8 -1 P
-7 8 0 P
-7 8 1 P
-7 8 2 P
-7 8 3 P
-7 8 4 P
-7 8 5 P
-7 8 6 P
-7 8 7 P
-7 8 8 P
-7 8 9 P
-7 8 10 P
-7 8 11 P
-7 8 12 P
-7 8 13 P
-7 8 14 P
-7 8 15 P
-7 8 16 P
-7 8 17 P
-7 8 18 P
-7 8 19 P
-7 8 20 P
-7 8 21 P
-7 8 22 P
-7 8 23 P
-7 8 24 P
-7 8 25 P
-7 8 26 P
-7 8 27 P
-7 8 28 B
-7 9 -29 P
-7 9 -28 P
-7 9 -27 P
-7 9 -26 P
-7 9 -25 P
-7 9 -24 P
-7 9 -23 P
-7 9 -22 P
-7 9 -21 P
-7 9 -20 P
-7 9 -19 P
-7 9 -18 P
-7 9 -17 P
-7 9 -16 P
-7 9 -15 P
-7 9 -14 P
-7 9 -13 P
-7 9 -12 P
-7 9 -11 P
-7 9 -10 P
-7 9 -9 P
-7 9 -8 P
-7 9 -7 P
-7 9 -6 P
-7 9 -5 P
-7 9 -4 P
-7 9 -3 P
-7 9 -2 P
-7 9 -1 P
-7 9 0 P
-7 9 1 P
-7 9 2 P
-7 9 3 P
-7 9 4 P
-7 9 5 P
-7 9 6 P
-7 9 7 P
-7 9 8 P
-7 9 9 P
-7 9 10 P
-7 9 11 P
-7 9 12 P
-7 9 13 P
-7 9 14 P
-7 9 15 P
-7 9 16 P
-7 9 17 P
-7 9 18 P
-7 9 19 P
-7 9 20 P
-7 9 21 P
-7 9 22 P
-7 9 23 P
-7 9 24 P
-7 9 25 P
-7 9 26 P
-7 9 27 P
-7 9 28 P
-7 10 -29 P
-7 10 -28 P
-7 10 -27 P
-7 10 -26 P
-7 10 -25 P
-7 10 -24 P
-7 10 -23 P
-7 10 -22 P
-7 10 -21 P
-7 10 -20 P
-7 10 -19 P
-7 10 -18 P
-7 10 -17 P
-7 10 -16 P
-7 10 -15 P
-7 10 -14 P
-7 10 -13 P
-7 10 -12 P
-7 10 -11 P
-7 10 -10 P
-7 10 -9 P
-7 10 -8 P
-7 10 -7 P
-7 10 -6 P
-7 10 -5 P
-7 10 -4 P
-7 10 -3 P
-7 10 -2 P
-7 10 -1 P
-7 10 0 P
-7 10 1 P
-7 10 2 P
-7 10 3 P
-7 10 4 P
-7 10 5 P
-7 10 6 P
-7 10 7 P
-7 10 8 P
-7 10 9 P
-7 10 10 P
-7 10 11 P
-7 10 12 P
-7 10 13 P
-7 10 14 P
-7 10 15 P
-7 10 16 P
-7 10 17 P
-7 10 18 P
-7 10 19 P
-7 10 20 P
-7 10 21 P
-7 10 22 P
-7 10 23 P
-7 10 24 P
-7 10 25 P
-7 10 26 P
-7 10 27 P
-7 10 28 P
-7 11 -29 P
-7 11 -28 P
-7 11 -27 P
-7 11 -26 P
-7 11 -25 P
-7 11 -24 P
-7 11 -23 P
-7 11 -22 P
-7 11 -21 P
-7 11 -20 P
-7 11 -19 P
-7 11 -18 P
-7 11 -17 P
-7 11 -16 P
-7 11 -15 P
-7 11 -14 P
-7 11 -13 P
-7 11 -12 P
-7 11 -11 P
-7 11 -10 P
-7 11 -9 P
-7 11 -8 P
-7 11 -7 P
-7 11 -6 P
-7 11 -5 P
-7 11 -4 P
-7 11 -3 P
-7 11 -2 P
-7 11 -1 P
-7 11 0 P
-7 11 1 P
-7 11 2 P
-7 11 3 P
-7 11 4 P
-7 11 5 P
-7 11 6 P
-7 11 7 P
-7 11 8 P
-7 11 9 P
-7 11 10 P
-7 11 11 P
-7 11 12 P
-7 11 13 P
-7 11 14 P
-7 11 15 P
-7 11 16 P
-7 11 17 P
-7 11 18 P
-7 11 19 P
-7 11 20 P
-7 11 21 P
-7 11 22 P
-7 11 23 P
-7 11 24 P
-7 11 25 P
-7 11 26 P
-7 11 27 H
-7 12 -29 P
-7 12 -28 P
-7 12 -27 P
-7 12 -26 P
-7 12 -25 P
-7 12 -24 P
-7 12 -23 P
-7 12 -22 P
-7 12 -21 P
-7 12 -20 P
-7 12 -19 P
-7 12 -18 P
-7 12 -17 P
-7 12 -16 P
-7 12 -15 P
-7 12 -14 P
-7 12 -13 P
-7 12 -12 P
-7 12 -11 P
-7 12 -10 P
-7 12 -9 P
-7 12 -8 P
-7 12 -7 P
-7 12 -6 P
-7 12 -5 P
-7 12 -4 P
-7 12 -3 P
-7 12 -2 P
-7 12 -1 P
-7 12 0 P
-7 12 1 P
-7 12 2 P
-7 12 3 P
-7 12 4 P
-7 12 5 P
-7 12 6 P
-7 12 7 P
-7 12 8 P
-7 12 9 P
-7 12 10 P
-7 12 11 P
-7 12 12 P
-7 12 13 P
-7 12 14 P
-7 12 15 P
-7 12 16 P
-7 12 17 P
-7 12 18 P
-7 12 19 P
-7 12 20 P
-7 12 21 P
-7 12 22 P
-7 12 23 P
-7 13 -29 P
-7 13 -28 P
-7 13 -27 P
-7 13 -26 P
-7 13 -25 P
-7 13 -24 P
-7 13 -23 P
-7 13 -22 P
-7 13 -21 P
-7 13 -20 P
-7 13 -19 P
-7 13 -18 P
-7 13 -17 P
-7 13 -16 P
-7 13 -15 P
-7 13 -14 P
-7 13 -13 P
-7 13 -12 P
-7 13 -11 P
-7 13 -10 P
-7 13 -9 P
-7 13 -8 P
-7 13 -7 P
-7 13 -6 P
-7 13 -5 P
-7 13 -4 P
-7 13 -3 P
-7 13 -2 P
-7 13 -1 P
-7 13 0 P
-7 13 1 P
-7 13 2 P
-7 13 3 P
-7 13 4 P
-7 13 5 P
-7 13 6 P
-7 13 7 P
-7 13 8 P
-7 13 9 P
-7 13 10 P
-7 13 11 P
-7 13 12 P
-7 13 13 P
-7 13 14 P
-7 13 15 P
-7 13 16 P
-7 13 17 P
-7 14 -29 P
-7 14 -28 P
-7 14 -27 P
-7 14 -26 P
-7 14 -25 P
-7 14 -24 P
-7 14 -23 P
-7 14 -22 P
-7 14 -21 P
-7 14 -20 P
-7 14 -19 P
-7 14 -18 P
-7 14 -17 P
-7 14 -16 P
-7 14 -15 P
-7 14 -14 P
-7 14 -13 P
-7 14 -12 P
-7 14 -11 P
-7 14 -10 P
-7 14 -9 P
-7 14 -8 P
-7 14 -7 P
-7 14 -6 P
-7 14 -5 P
-7 14 -4 P
-7 14 -3 P
-7 14 -2 P
-7 14 -1 P
-7 14 0 P
-7 14 1 P
-7 14 2 P
-7 14 3 P
-7 14 4 P
-7 14 5 P
-7 14 6 P
-7 14 7 P
-7 14 8 P
-7 14 9 P
-7 14 10 P
-7 14 11 P
-7 14 12 G
-7 14 13 G
-7 15 -29 P
-7 15 -28 P
-7 15 -27 P
-7 15 -26 P
-7 15 -25 P
-7 15 -24 P
-7 15 -23 P
-7 15 -22 P
-7 15 -21 P
-7 15 -20 P
-7 15 -19 P
-7 15 -18 P
-7 15 -17 P
-7 15 -16 P
-7 15 -15 P
-7 15 -14 P
-7 15 -13 P
-7 15 -12 P
-7 15 -11 P
-7 15 -10 P
-7 15 -9 P
-7 15 -8 P
-7 15 -7 P
-7 15 -6 P
-7 15 -5 P
-7 15 -4 P
-7 15 -3 P
-7 15 -2 P
-7 15 -1 P
-7 15 0 P
-7 15 1 P
-7 15 2 P
-7 15 3 P
-7 15 4 P
-7 15 5 P
-7 15 6 P
-7 15 7 P
-7 15 8 P
-7 15 9 P
-7 15 10 P
-7 15 11 G
-7 16 -28 G
-7 16 -27 P
-7 16 -26 P
-7 16 -25 P
-7 16 -24 P
-7 16 -23 P
-7 16 -22 P
-7 16 -21 P
-7 16 -20 P
-7 16 -19 P
-7 16 -18 P
-7 16 -17 P
-7 16 -16 P
-7 16 -15 P
-7 16 -14 P
-7 16 -13 P
-7 16 -12 P
-7 16 -11 P
-7 16 -10 P
-7 16 -9 P
-7 16 -8 P
-7 16 -7 P
-7 16 -6 P
-7 16 -5 P
-7 16 -4 P
-7 16 -3 P
-7 16 -2 P
-7 16 -1 P
-7 16 0 P
-7 16 1 P
-7 16 2 P
-7 16 3 P
-7 16 4 P
-7 16 5 P
-7 16 6 P
-7 16 7 P
-7 16 8 P
-7 16 9 P
-7 16 10 G
-7 17 -28 G
-7 17 -27 P
-7 17 -26 P
-7 17 -25 P
-7 17 -24 P
-7 17 -23 P
-7 17 -22 P
-7 17 -21 P
-7 17 -20 P
-7 17 -19 P
-7 17 -18 P
-7 17 -17 P
-7 17 -16 P
-7 17 -15 P
-7 17 -14 P
-7 17 -13 P
-7 17 -12 P
-7 17 -11 P
-7 17 -10 P
-7 17 -9 P
-7 17 -8 P
-7 17 -7 P
-7 17 -6 P
-7 17 -5 P
-7 17 -4 P
-7 17 -3 P
-7 17 -2 P
-7 17 -1 P
-7 17 0 P
-7 17 1 P
-7 17 2 P
-7 17 3 P
-7 17 4 P
-7 17 5 P
-7 17 6 P
-7 17 7 P
-7 17 8 G
-7 17 9 P
-7 18 -28 P
-7 18 -27 G
-7 18 -26 P
-7 18 -25 P
-7 18 -24 P
-7 18 -23 P
-7 18 -22 P
-7 18 -21 P
-7 18 -20 P
-7 18 -19 P
-7 18 -18 P
-7 18 -17 P
-7 18 -16 P
-7 18 -15 P
-7 18 -14 P
-7 18 -13 P
-7 18 -12 P
-7 18 -11 P
-7 18 -10 P
-7 18 -9 P
-7 18 -8 P
-7 18 -7 P
-7 18 -6 P
-7 18 -5 P
-7 18 -4 P
-7 18 -3 P
-7 18 -2 P
-7 18 -1 P
-7 18 0 P
-7 18 1 P
-7 18 2 P
-7 18 3 P
-7 18 4 P
-7 18 5 P
-7 18 6 P
-7 18 7 G
-7 19 -26 G
-7 19 -25 P
-7 19 -24 P
-7 19 -23 P
-7 19 -22 P
-7 19 -21 P
-7 19 -20 P
-7 19 -19 P
-7 19 -18 P
-7 19 -17 P
-7 19 -16 P
-7 19 -15 P
-7 19 -14 P
-7 19 -13 P
-7 19 -12 P
-7 19 -11 P
-7 19 -10 P
-7 19 -9 P
-7 19 -8 P
-7 19 -7 P
-7 19 -6 P
-7 19 -5 P
-7 19 -4 P
-7 19 -3 P
-7 19 -2 P
-7 19 -1 P
-7 19 0 P
-7 19 1 P
-7 19 2 P
-7 19 3 P
-7 19 4 P
-7 19 5 P
-7 19 6 G
-7 20 -25 P
-7 20 -24 G
-7 20 -23 P
-7 20 -22 P
-7 20 -21 P
-7 20 -20 P
-7 20 -19 P
-7 20 -18 P
-7 20 -17 P
-7 20 -16 P
-7 20 -15 P
-7 20 -14 P
-7 20 -13 P
-7 20 -12 P
-7 20 -11 P
-7 20 -10 P
-7 20 -9 P
-7 20 -8 P
-7 20 -7 P
-7 20 -6 P
-7 20 -5 C
-7 20 -4 C
-7 20 -3 C
-7 20 -2 C
-7 20 -1 C
-7 20 0 C
-7 20 1 C
-7 20 2 C
-7 20 3 C
-7 20 4 C
-6 5 -26 P
-6 5 -25 P
-6 5 -24 P
-6 5 -23 P
-6 5 -22 P
-6 5 -21 P
-6 5 -20 P
-6 5 -19 P
-6 5 -18 P
-6 5 -17 P
-6 5 -16 P
-6 5 -15 P
-6 5 -14 P
-6 5 -13 P
-6 5 -12 P
-6 5 -11 P
-6 5 -10 P
-6 5 -9 P
-6 5 -8 P
-6 5 -7 P
-6 5 -6 P
-6 5 -5 P
-6 5 -4 P
-6 5 -3 P
-6 5 -2 P
-6 5 -1 P
-6 5 0 P
-6 5 1 P
-6 5 2 P
-6 5 3 P
-6 5 4 P
-6 5 5 P
-6 5 6 P
-6 5 7 P
-6 5 8 P
-6 5 9 P
-6 5 10 P
-6 5 11 P
-6 5 12 P
-6 5 13 P
-6 5 14 P
-6 5 15 P
-6 5 16 P
-6 5 17 P
-6 5 18 P
-6 5 19 P
-6 5 20 P
-6 5 21 P
-6 5 22 P
-6 5 23 P
-6 5 24 P
-6 5 25 P
-6 5 26 P
-6 5 27 P
-6 5 28 P
-6 6 -29 B
-6 6 -28 B
-6 6 -27 B
-6 6 -26 P
-6 6 -25 P
-6 6 -24 P
-6 6 -23 P
-6 6 -22 P
-6 6 -21 P
-6 6 -20 P
-6 6 -19 P
-6 6 -18 P
-6 6 -17 P
-6 6 -16 P
-6 6 -15 P
-6 6 -14 P
-6 6 -13 P
-6 6 -12 P
-6 6 -11 P
-6 6 -10 P
-6 6 -9 P
-6 6 -8 P
-6 6 -7 P
-6 6 -6 P
-6 6 -5 P
-6 6 -4 P
-6 6 -3 P
-6 6 -2 P
-6 6 -1 P
-6 6 0 P
-6 6 1 P
-6 6 2 P
-6 6 3 P
-6 6 4 P
-6 6 5 P
-6 6 6 P
-6 6 7 P
-6 6 8 P
-6 6 9 P
-6 6 10 P
-6 6 11 P
-6 6 12 P
-6 6 13 P
-6 6 14 P
-6 6 15 P
-6 6 16 P
-6 6 17 P
-6 6 18 P
-6 6 19 P
-6 6 20 P
-6 6 21 P
-6 6 22 P
-6 6 23 P
-6 6 24 P
-6 6 25 P
-6 6 26 P
-6 6 27 P
-6 6 28 P
-6 6 29 B
-6 7 -29 B
-6 7 -28 P
-6 7 -27 P
-6 7 -26 P
-6 7 -25 P
-6 7 -24 P
-6 7 -23 P
-6 7 -22 P
-6 7 -21 P
-6 7 -20 P
-6 7 -19 P
-6 7 -18 P
-6 7 -17 P
-6 7 -16 P
-6 7 -15 P
-6 7 -14 P
-6 7 -13 P
-6 7 -12 P
-6 7 -11 P
-6 7 -10 P
-6 7 -9 P
-6 7 -8 P
-6 7 -7 P
-6 7 -6 P
-6 7 -5 P
-6 7 -4 P
-6 7 -3 P
-6 7 -2 P
-6 7 -1 P
-6 7 0 P
-6 7 1 P
-6 7 2 P
-6 7 3 P
-6 7 4 P
-6 7 5 P
-6 7 6 P
-6 7 7 P
-6 7 8 P
-6 7 9 P
-6 7 10 P
-6 7 11 P
-6 7 12 P
-6 7 13 P
-6 7 14 P
-6 7 15 P
-6 7 16 P
-6 7 17 P
-6 7 18 P
-6 7 19 P
-6 7 20 P
-6 7 21 P
-6 7 22 P
-6 7 23 P
-6 7 24 P
-6 7 25 P
-6 7 26 P
-6 7 27 P
-6 7 28 P
-6 7 29 B
-6 8 -29 B
-6 8 -28 P
-6 8 -27 P
-6 8 -26 P
-6 8 -25 P
-6 8 -24 P
-6 8 -23 P
-6 8 -22 P
-6 8 -21 P
-6 8 -20 P
-6 8 -19 P
-6 8 -18 P
-6 8 -17 P
-6 8 -16 P
-6 8 -15 P
-6 8 -14 P
-6 8 -13 P
-6 8 -12 P
-6 8 -11 P
-6 8 -10 P
-6 8 -9 P
-6 8 -8 P
-6 8 -7 P
-6 8 -6 P
-6 8 -5 P
-6 8 -4 P
-6 8 -3 P
-6 8 -2 P
-6 8 -1 P
-6 8 0 P
-6 8 1 P
-6 8 2 P
-6 8 3 P
-6 8 4 P
-6 8 5 P
-6 8 6 P
-6 8 7 P
-6 8 8 P
-6 8 9 P
-6 8 10 P
-6 8 11 P
-6 8 12 P
-6 8 13 P
-6 8 14 P
-6 8 15 P
-6 8 16 P
-6 8 17 P
-6 8 18 P
-6 8 19 P
-6 8 20 P
-6 8 21 P
-6 8 22 P
-6 8 23 P
-6 8 24 P
-6 8 25 P
-6 8 26 P
-6 8 27 P
-6 8 28 P
-6 8 29 B
-6 9 -29 P
-6 9 -28 P
-6 9 -27 P
-6 9 -26 P
-6 9 -25 P
-6 9 -24 P
-6 9 -23 P
-6 9 -22 P
-6 9 -21 P
-6 9 -20 P
-6 9 -19 P
-6 9 -18 P
-6 9 -17 P
-6 9 -16 P
-6 9 -15 P
-6 9 -14 P
-6 9 -13 P
-6 9 -12 P
-6 9 -11 P
-6 9 -10 P
-6 9 -9 P
-6 9 -8 P
-6 9 -7 P
-6 9 -6 P
-6 9 -5 P
-6 9 -4 P
-6 9 -3 P
-6 9 -2 P
-6 9 -1 P
-6 9 0 P
-6 9 1 P
-6 9 2 P
-6 9 3 P
-6 9 4 P
-6 9 5 P
-6 9 6 P
-6 9 7 P
-6 9 8 P
-6 9 9 P
-6 9 10 P
-6 9 11 P
-6 9 12 P
-6 9 13 P
-6 9 14 P
-6 9 15 P
-6 9 16 P
-6 9 17 P
-6 9 18 P
-6 9 19 P
-6 9 20 P
-6 9 21 P
-6 9 22 P
-6 9 23 P
-6 9 24 P
-6 9 25 P
-6 9 26 P
-6 9 27 P
-6 9 28 P
-6 9 29 P
-6 10 -29 P
-6 10 -28 P
-6 10 -27 P
-6 10 -26 P
-6 10 -25 P
-6 10 -24 P
-6 10 -23 P
-6 10 -22 P
-6 10 -21 P
-6 10 -20 P
-6 10 -19 P
-6 10 -18 P
-6 10 -17 P
-6 10 -16 P
-6 10 -15 P
-6 10 -14 P
-6 10 -13 P
-6 10 -12 P
-6 10 -11 P
-6 10 -10 P
-6 10 -9 P
-6 10 -8 P
-6 10 -7 P
-6 10 -6 P
-6 10 -5 P
-6 10 -4 P
-6 10 -3 P
-6 10 -2 P
-6 10 -1 P
-6 10 0 P
-6 10 1 P
-6 10 2 P
-6 10 3 P
-6 10 4 P
-6 10 5 P
-6 10 6 P
-6 10 7 P
-6 10 8 P
-6 10 9 P
-6 10 10 P
-6 10 11 P
-6 10 12 P
-6 10 13 P
-6 10 14 P
-6 10 15 P
-6 10 16 P
-6 10 17 P
-6 10 18 P
-6 10 19 P
-6 10 20 P
-6 10 21 P
-6 10 22 P
-6 10 23 P
-6 10 24 P
-6 10 25 P
-6 10 26 P
-6 10 27 P
-6 10 28 P
-6 11 -29 P
-6 11 -28 P
-6 11 -27 P
-6 11 -26 P
-6 11 -25 P
-6 11 -24 P
-6 11 -23 P
-6 11 -22 P
-6 11 -21 P
-6 11 -20 P
-6 11 -19 P
-6 11 -18 P
-6 11 -17 P
-6 11 -16 P
-6 11 -15 P
-6 11 -14 P
-6 11 -13 P
-6 11 -12 P
-6 11 -11 P
-6 11 -10 P
-6 11 -9 P
-6 11 -8 P
-6 11 -7 P
-6 11 -6 P
-6 11 -5 P
-6 11 -4 P
-6 11 -3 P
-6 11 -2 P
-6 11 -1 P
-6 11 0 P
-6 11 1 P
-6 11 2 P
-6 11 3 P
-6 11 4 P
-6 11 5 P
-6 11 6 P
-6 11 7 P
-6 11 8 P
-6 11 9 P
-6 11 10 P
-6 11 11 P
-6 11 12 P
-6 11 13 P
-6 11 14 P
-6 11 15 P
-6 11 16 P
-6 11 17 P
-6 11 18 P
-6 11 19 P
-6 11 20 P
-6 11 21 P
-6 11 22 P
-6 11 23 P
-6 11 24 P
-6 11 25 P
-6 11 26 P
-6 11 27 H
-6 12 -29 P
-6 12 -28 P
-6 12 -27 P
-6 12 -26 P
-6 12 -25 P
-6 12 -24 P
-6 12 -23 P
-6 12 -22 P
-6 12 -21 P
-6 12 -20 P
-6 12 -19 P
-6 12 -18 P
-6 12 -17 P
-6 12 -16 P
-6 12 -15 P
-6 12 -14 P
-6 12 -13 P
-6 12 -12 P
-6 12 -11 P
-6 12 -10 P
-6 12 -9 P
-6 12 -8 P
-6 12 -7 P
-6 12 -6 P
-6 12 -5 P
-6 12 -4 P
-6 12 -3 P
-6 12 -2 P
-6 12 -1 P
-6 12 0 P
-6 12 1 P
-6 12 2 P
-6 12 3 P
-6 12 4 P
-6 12 5 P
-6 12 6 P
-6 12 7 P
-6 12 8 P
-6 12 9 P
-6 12 10 P
-6 12 11 P
-6 12 12 P
-6 12 13 P
-6 12 14 P
-6 12 15 P
-6 12 16 P
-6 12 17 P
-6 12 18 P
-6 12 19 P
-6 12 20 P
-6 12 21 P
-6 12 22 P
-6 12 23 P
-6 12 24 P
-6 13 -29 P
-6 13 -28 P
-6 13 -27 P
-6 13 -26 P
-6 13 -25 P
-6 13 -24 P
-6 13 -23 P
-6 13 -22 P
-6 13 -21 P
-6 13 -20 P
-6 13 -19 P
-6 13 -18 P
-6 13 -17 P
-6 13 -16 P
-6 13 -15 P
-6 13 -14 P
-6 13 -13 P
-6 13 -12 P
-6 13 -11 P
-6 13 -10 P
-6 13 -9 P
-6 13 -8 P
-6 13 -7 P
-6 13 -6 P
-6 13 -5 P
-6 13 -4 P
-6 13 -3 P
-6 13 -2 P
-6 13 -1 P
-6 13 0 P
-6 13 1 P
-6 13 2 P
-6 13 3 P
-6 13 4 P
-6 13 5 P
-6 13 6 P
-6 13 7 P
-6 13 8 P
-6 13 9 P
-6 13 10 P
-6 13 11 P
-6 13 12 P
-6 13 13 P
-6 13 14 P
-6 13 15 P
-6 13 16 P
-6 13 17 P
-6 14 -29 P
-6 14 -28 P
-6 14 -27 P
-6 14 -26 P
-6 14 -25 P
-6 14 -24 P
-6 14 -23 P
-6 14 -22 P
-6 14 -21 P
-6 14 -20 P
-6 14 -19 P
-6 14 -18 P
-6 14 -17 P
-6 14 -16 P
-6 14 -15 P
-6 14 -14 P
-6 14 -13 P
-6 14 -12 P
-6 14 -11 P
-6 14 -10 P
-6 14 -9 P
-6 14 -8 P
-6 14 -7 P
-6 14 -6 P
-6 14 -5 P
-6 14 -4 P
-6 14 -3 P
-6 14 -2 P
-6 14 -1 P
-6 14 0 P
-6 14 1 P
-6 14 2 P
-6 14 3 P
-6 14 4 P
-6 14 5 P
-6 14 6 P
-6 14 7 P
-6 14 8 P
-6 14 9 P
-6 14 10 P
-6 14 11 P
-6 14 12 P
-6 14 13 G
-6 15 -29 P
-6 15 -28 P
-6 15 -27 P
-6 15 -26 P
-6 15 -25 P
-6 15 -24 P
-6 15 -23 P
-6 15 -22 P
-6 15 -21 P
-6 15 -20 P
-6 15 -19 P
-6 15 -18 P
-6 15 -17 P
-6 15 -16 P
-6 15 -15 P
-6 15 -14 P
-6 15 -13 P
-6 15 -12 P
-6 15 -11 P
-6 15 -10 P
-6 15 -9 P
-6 15 -8 P
-6 15 -7 P
-6 15 -6 P
-6 15 -5 P
-6 15 -4 P
-6 15 -3 P
-6 15 -2 P
-6 15 -1 P
-6 15 0 P
-6 15 1 P
-6 15 2 P
-6 15 3 P
-6 15 4 P
-6 15 5 P
-6 15 6 P
-6 15 7 P
-6 15 8 P
-6 15 9 P
-6 15 10 P
-6 15 11 G
-6 15 12 P
-6 16 -28 G
-6 16 -27 P
-6 16 -26 P
-6 16 -25 P
-6 16 -24 P
-6 16 -23 P
-6 16 -22 P
-6 16 -21 P
-6 16 -20 P
-6 16 -19 P
-6 16 -18 P
-6 16 -17 P
-6 16 -16 P
-6 16 -15 P
-6 16 -14 P
-6 16 -13 P
-6 16 -12 P
-6 16 -11 P
-6 16 -10 P
-6 16 -9 P
-6 16 -8 P
-6 16 -7 P
-6 16 -6 P
-6 16 -5 P
-6 16 -4 P
-6 16 -3 P
-6 16 -2 P
-6 16 -1 P
-6 16 0 P
-6 16 1 P
-6 16 2 P
-6 16 3 P
-6 16 4 P
-6 16 5 P
-6 16 6 P
-6 16 7 P
-6 16 8 P
-6 16 9 P
-6 16 10 G
-6 17 -28 G
-6 17 -27 P
-6 17 -26 P
-6 17 -25 P
-6 17 -24 P
-6 17 -23 P
-6 17 -22 P
-6 17 -21 P
-6 17 -20 P
-6 17 -19 P
-6 17 -18 P
-6 17 -17 P
-6 17 -16 P
-6 17 -15 P
-6 17 -14 P
-6 17 -13 P
-6 17 -12 P
-6 17 -11 P
-6 17 -10 P
-6 17 -9 P
-6 17 -8 P
-6 17 -7 P
-6 17 -6 P
-6 17 -5 P
-6 17 -4 P
-6 17 -3 P
-6 17 -2 P
-6 17 -1 P
-6 17 0 P
-6 17 1 P
-6 17 2 P
-6 17 3 P
-6 17 4 P
-6 17 5 P
-6 17 6 P
-6 17 7 P
-6 17 8 G
-6 17 9 G
-6 18 -28 G
-6 18 -27 P
-6 18 -26 P
-6 18 -25 P
-6 18 -24 P
-6 18 -23 P
-6 18 -22 P
-6 18 -21 P
-6 18 -20 P
-6 18 -19 P
-6 18 -18 P
-6 18 -17 P
-6 18 -16 P
-6 18 -15 P
-6 18 -14 P
-6 18 -13 P
-6 18 -12 P
-6 18 -11 P
-6 18 -10 P
-6 18 -9 P
-6 18 -8 P
-6 18 -7 P
-6 18 -6 P
-6 18 -5 P
-6 18 -4 P
-6 18 -3 P
-6 18 -2 P
-6 18 -1 P
-6 18 0 P
-6 18 1 P
-6 18 2 P
-6 18 3 P
-6 18 4 P
-6 18 5 P
-6 18 6 P
-6 18 7 G
-6 19 -27 P
-6 19 -26 G
-6 19 -25 P
-6 19 -24 P
-6 19 -23 P
-6 19 -22 P
-6 19 -21 P
-6 19 -20 P
-6 19 -19 P
-6 19 -18 P
-6 19 -17 P
-6 19 -16 P
-6 19 -15 P
-6 19 -14 P
-6 19 -13 P
-6 19 -12 P
-6 19 -11 P
-6 19 -10 P
-6 19 -9 P
-6 19 -8 P
-6 19 -7 P
-6 19 -6 P
-6 19 -5 P
-6 19 -4 P
-6 19 -3 P
-6 19 -2 P
-6 19 -1 P
-6 19 0 P
-6 19 1 P
-6 19 2 P
-6 19 3 P
-6 19 4 P
-6 19 5 P
-6 19 6 G
-6 20 -25 G
-6 20 -24 G
-6 20 -23 P
-6 20 -22 P
-6 20 -21 P
-6 20 -20 P
-6 20 -19 P
-6 20 -18 P
-6 20 -17 P
-6 20 -16 P
-6 20 -15 P
-6 20 -14 P
-6 20 -13 P
-6 20 -12 P
-6 20 -11 P
-6 20 -10 P
-6 20 -9 P
-6 20 -8 P
-6 20 -7 P
-6 20 -6 P
-6 20 -5 P
-6 20 -4 P
-6 20 -3 P
-6 20 -2 P
-6 20 -1 P
-6 20 0 P
-6 20 1 P
-6 20 2 P
-6 20 3 P
-6 20 4 C
-6 20 5 C
-5 5 -26 P
-5 5 -25 P
-5 5 -24 P
-5 5 -23 P
-5 5 -22 P
-5 5 -21 P
-5 5 -20 P
-5 5 -19 P
-5 5 -18 P
-5 5 -17 P
-5 5 -16 P
-5 5 -15 P
-5 5 -14 P
-5 5 -13 P
-5 5 -12 P
-5 5 -11 P
-5 5 -10 P
-5 5 -9 P
-5 5 -8 P
-5 5 -7 P
-5 5 -6 P
-5 5 -5 P
-5 5 -4 P
-5 5 -3 P
-5 5 -2 P
-5 5 -1 P
-5 5 0 P
-5 5 1 P
-5 5 2 P
-5 5 3 P
-5 5 4 P
-5 5 5 P
-5 5 6 P
-5 5 7 P
-5 5 8 P
-5 5 9 P
-5 5 10 P
-5 5 11 P
-5 5 12 P
-5 5 13 P
-5 5 14 P
-5 5 15 P
-5 5 16 P
-5 5 17 P
-5 5 18 P
-5 5 19 P
-5 5 20 P
-5 5 21 P
-5 5 22 P
-5 5 23 P
-5 5 24 P
-5 5 25 P
-5 5 26 P
-5 5 27 P
-5 5 28 P
-5 6 -29 B
-5 6 -28 B
-5 6 -27 B
-5 6 -26 P
-5 6 -25 P
-5 6 -24 P
-5 6 -23 P
-5 6 -22 P
-5 6 -21 P
-5 6 -20 P
-5 6 -19 P
-5 6 -18 P
-5 6 -17 P
-5 6 -16 P
-5 6 -15 P
-5 6 -14 P
-5 6 -13 P
-5 6 -12 P
-5 6 -11 P
-5 6 -10 P
-5 6 -9 P
-5 6 -8 P
-5 6 -7 P
-5 6 -6 P
-5 6 -5 P
-5 6 -4 P
-5 6 -3 P
-5 6 -2 P
-5 6 -1 P
-5 6 0 P
-5 6 1 P
-5 6 2 P
-5 6 3 P
-5 6 4 P
-5 6 5 P
-5 6 6 P
-5 6 7 P
-5 6 8 P
-5 6 9 P
-5 6 10 P
-5 6 11 P
-5 6 12 P
-5 6 13 P
-5 6 14 P
-5 6 15 P
-5 6 16 P
-5 6 17 P
-5 6 18 P
-5 6 19 P
-5 6 20 P
-5 6 21 P
-5 6 22 P
-5 6 23 P
-5 6 24 P
-5 6 25 P
-5 6 26 P
-5 6 27 P
-5 6 28 P
-5 6 29 B
-5 7 -29 B
-5 7 -28 P
-5 7 -27 P
-5 7 -26 P
-5 7 -25 P
-5 7 -24 P
-5 7 -23 P
-5 7 -22 P
-5 7 -21 P
-5 7 -20 P
-5 7 -19 P
-5 7 -18 P
-5 7 -17 P
-5 7 -16 P
-5 7 -15 P
-5 7 -14 P
-5 7 -13 P
-5 7 -12 P
-5 7 -11 P
-5 7 -10 P
-5 7 -9 P
-5 7 -8 P
-5 7 -7 P
-5 7 -6 P
-5 7 -5 P
-5 7 -4 P
-5 7 -3 P
-5 7 -2 P
-5 7 -1 P
-5 7 0 P
-5 7 1 P
-5 7 2 P
-5 7 3 P
-5 7 4 P
-5 7 5 P
-5 7 6 P
-5 7 7 P
-5 7 8 P
-5 7 9 P
-5 7 10 P
-5 7 11 P
-5 7 12 P
-5 7 13 P
-5 7 14 P
-5 7 15 P
-5 7 16 P
-5 7 17 P
-5 7 18 P
-5 7 19 P
-5 7 20 P
-5 7 21 P
-5 7 22 P
-5 7 23 P
-5 7 24 P
-5 7 25 P
-5 7 26 P
-5 7 27 P
-5 7 28 P
-5 7 29 B
-5 8 -29 B
-5 8 -28 P
-5 8 -27 P
-5 8 -26 P
-5 8 -25 P
-5 8 -24 P
-5 8 -23 P
-5 8 -22 P
-5 8 -21 P
-5 8 -20 P
-5 8 -19 P
-5 8 -18 P
-5 8 -17 P
-5 8 -16 P
-5 8 -15 P
-5 8 -14 P
-5 8 -13 P
-5 8 -12 P
-5 8 -11 P
-5 8 -10 P
-5 8 -9 P
-5 8 -8 P
-5 8 -7 P
-5 8 -6 P
-5 8 -5 P
-5 8 -4 P
-5 8 -3 P
-5 8 -2 P
-5 8 -1 P
-5 8 0 P
-5 8 1 P
-5 8 2 P
-5 8 3 P
-5 8 4 P
-5 8 5 P
-5 8 6 P
-5 8 7 P
-5 8 8 P
-5 8 9 P
-5 8 10 P
-5 8 11 P
-5 8 12 P
-5 8 13 P
-5 8 14 P
-5 8 15 P
-5 8 16 P
-5 8 17 P
-5 8 18 P
-5 8 19 P
-5 8 20 P
-5 8 21 P
-5 8 22 P
-5 8 23 P
-5 8 24 P
-5 8 25 P
-5 8 26 P
-5 8 27 P
-5 8 28 P
-5 8 29 B
-5 9 -29 P
-5 9 -28 P
-5 9 -27 P
-5 9 -26 P
-5 9 -25 P
-5 9 -24 P
-5 9 -23 P
-5 9 -22 P
-5 9 -21 P
-5 9 -20 P
-5 9 -19 P
-5 9 -18 P
-5 9 -17 P
-5 9 -16 P
-5 9 -15 P
-5 9 -14 P
-5 9 -13 P
-5 9 -12 P
-5 9 -11 P
-5 9 -10 P
-5 9 -9 P
-5 9 -8 P
-5 9 -7 P
-5 9 -6 P
-5 9 -5 P
-5 9 -4 P
-5 9 -3 P
-5 9 -2 P
-5 9 -1 P
-5 9 0 P
-5 9 1 P
-5 9 2 P
-5 9 3 P
-5 9 4 P
-5 9 5 P
-5 9 6 P
-5 9 7 P
-5 9 8 P
-5 9 9 P
-5 9 10 P
-5 9 11 P
-5 9 12 P
-5 9 13 P
-5 9 14 P
-5 9 15 P
-5 9 16 P
-5 9 17 P
-5 9 18 P
-5 9 19 P
-5 9 20 P
-5 9 21 P
-5 9 22 P
-5 9 23 P
-5 9 24 P
-5 9 25 P
-5 9 26 P
-5 9 27 P
-5 9 28 P
-5 9 29 P
-5 10 -29 P
-5 10 -28 P
-5 10 -27 P
-5 10 -26 P
-5 10 -25 P
-5 10 -24 P
-5 10 -23 P
-5 10 -22 P
-5 10 -21 P
-5 10 -20 P
-5 10 -19 P
-5 10 -18 P
-5 10 -17 P
-5 10 -16 P
-5 10 -15 P
-5 10 -14 P
-5 10 -13 P
-5 10 -12 P
-5 10 -11 P
-5 10 -10 P
-5 10 -9 P
-5 10 -8 P
-5 10 -7 P
-5 10 -6 P
-5 10 -5 P
-5 10 -4 P
-5 10 -3 P
-5 10 -2 P
-5 10 -1 P
-5 10 0 P
-5 10 1 P
-5 10 2 P
-5 10 3 P
-5 10 4 P
-5 10 5 P
-5 10 6 P
-5 10 7 P
-5 10 8 P
-5 10 9 P
-5 10 10 P
-5 10 11 P
-5 10 12 P
-5 10 13 P
-5 10 14 P
-5 10 15 P
-5 10 16 P
-5 10 17 P
-5 10 18 P
-5 10 19 P
-5 10 20 P
-5 10 21 P
-5 10 22 P
-5 10 23 P
-5 10 24 P
-5 10 25 P
-5 10 26 P
-5 10 27 P
-5 10 28 P
-5 11 -29 P
-5 11 -28 P
-5 11 -27 P
-5 11 -26 P
-5 11 -25 P
-5 11 -24 P
-5 11 -23 P
-5 11 -22 P
-5 11 -21 P
-5 11 -20 P
-5 11 -19 P
-5 11 -18 P
-5 11 -17 P
-5 11 -16 P
-5 11 -15 P
-5 11 -14 P
-5 11 -13 P
-5 11 -12 P
-5 11 -11 P
-5 11 -10 P
-5 11 -9 P
-5 11 -8 P
-5 11 -7 P
-5 11 -6 P
-5 11 -5 P
-5 11 -4 P
-5 11 -3 P
-5 11 -2 P
-5 11 -1 P
-5 11 0 P
-5 11 1 P
-5 11 2 P
-5 11 3 P
-5 11 4 P
-5 11 5 P
-5 11 6 P
-5 11 7 P
-5 11 8 P
-5 11 9 P
-5 11 10 P
-5 11 11 P
-5 11 12 P
-5 11 13 P
-5 11 14 P
-5 11 15 P
-5 11 16 P
-5 11 17 P
-5 11 18 P
-5 11 19 P
-5 11 20 P
-5 11 21 P
-5 11 22 P
-5 11 23 P
-5 11 24 P
-5 11 25 P
-5 11 26 P
-5 11 27 H
-5 12 -29 P
-5 12 -28 P
-5 12 -27 P
-5 12 -26 P
-5 12 -25 P
-5 12 -24 P
-5 12 -23 P
-5 12 -22 P
-5 12 -21 P
-5 12 -20 P
-5 12 -19 P
-5 12 -18 P
-5 12 -17 P
-5 12 -16 P
-5 12 -15 P
-5 12 -14 P
-5 12 -13 P
-5 12 -12 P
-5 12 -11 P
-5 12 -10 P
-5 12 -9 P
-5 12 -8 P
-5 12 -7 P
-5 12 -6 P
-5 12 -5 P
-5 12 -4 P
-5 12 -3 P
-5 12 -2 P
-5 12 -1 P
-5 12 0 P
-5 12 1 P
-5 12 2 P
-5 12 3 P
-5 12 4 P
-5 12 5 P
-5 12 6 P
-5 12 7 P
-5 12 8 P
-5 12 9 P
-5 12 10 P
-5 12 11 P
-5 12 12 P
-5 12 13 P
-5 12 14 P
-5 12 15 P
-5 12 16 P
-5 12 17 P
-5 12 18 P
-5 12 19 P
-5 12 20 P
-5 12 21 P
-5 12 22 P
-5 12 23 P
-5 12 24 P
-5 13 -29 P
-5 13 -28 P
-5 13 -27 P
-5 13 -26 P
-5 13 -25 P
-5 13 -24 P
-5 13 -23 P
-5 13 -22 P
-5 13 -21 P
-5 13 -20 P
-5 13 -19 P
-5 13 -18 P
-5 13 -17 P
-5 13 -16 P
-5 13 -15 P
-5 13 -14 P
-5 13 -13 P
-5 13 -12 P
-5 13 -11 P
-5 13 -10 P
-5 13 -9 P
-5 13 -8 P
-5 13 -7 P
-5 13 -6 P
-5 13 -5 P
-5 13 -4 P
-5 13 -3 P
-5 13 -2 P
-5 13 -1 P
-5 13 0 P
-5 13 1 P
-5 13 2 P
-5 13 3 P
-5 13 4 P
-5 13 5 P
-5 13 6 P
-5 13 7 P
-5 13 8 P
-5 13 9 P
-5 13 10 P
-5 13 11 P
-5 13 12 P
-5 13 13 P
-5 13 14 P
-5 13 15 P
-5 13 16 P
-5 13 17 P
-5 14 -29 P
-5 14 -28 P
-5 14 -27 P
-5 14 -26 P
-5 14 -25 P
-5 14 -24 P
-5 14 -23 P
-5 14 -22 P
-5 14 -21 P
-5 14 -20 P
-5 14 -19 P
-5 14 -18 P
-5 14 -17 P
-5 14 -16 P
-5 14 -15 P
-5 14 -14 P
-5 14 -13 P
-5 14 -12 P
-5 14 -11 P
-5 14 -10 P
-5 14 -9 P
-5 14 -8 P
-5 14 -7 P
-5 14 -6 P
-5 14 -5 P
-5 14 -4 P
-5 14 -3 P
-5 14 -2 P
-5 14 -1 P
-5 14 0 P
-5 14 1 P
-5 14 2 P
-5 14 3 P
-5 14 4 P
-5 14 5 P
-5 14 6 P
-5 14 7 P
-5 14 8 P
-5 14 9 P
-5 14 10 P
-5 14 11 P
-5 14 12 P
-5 14 13 G
-5 15 -29 P
-5 15 -28 P
-5 15 -27 P
-5 15 -26 P
-5 15 -25 P
-5 15 -24 P
-5 15 -23 P
-5 15 -22 P
-5 15 -21 P
-5 15 -20 P
-5 15 -19 P
-5 15 -18 P
-5 15 -17 P
-5 15 -16 P
-5 15 -15 P
-5 15 -14 P
-5 15 -13 P
-5 15 -12 P
-5 15 -11 P
-5 15 -10 P
-5 15 -9 P
-5 15 -8 P
-5 15 -7 P
-5 15 -6 P
-5 15 -5 P
-5 15 -4 P
-5 15 -3 P
-5 15 -2 P
-5 15 -1 P
-5 15 0 P
-5 15 1 P
-5 15 2 P
-5 15 3 P
-5 15 4 P
-5 15 5 P
-5 15 6 P
-5 15 7 P
-5 15 8 P
-5 15 9 P
-5 15 10 P
-5 15 11 G
-5 15 12 G
-5 16 -28 G
-5 16 -27 P
-5 16 -26 P
-5 16 -25 P
-5 16 -24 P
-5 16 -23 P
-5 16 -22 P
-5 16 -21 P
-5 16 -20 P
-5 16 -19 P
-5 16 -18 P
-5 16 -17 P
-5 16 -16 P
-5 16 -15 P
-5 16 -14 P
-5 16 -13 P
-5 16 -12 P
-5 16 -11 P
-5 16 -10 P
-5 16 -9 P
-5 16 -8 P
-5 16 -7 P
-5 16 -6 P
-5 16 -5 P
-5 16 -4 P
-5 16 -3 P
-5 16 -2 P
-5 16 -1 P
-5 16 0 P
-5 16 1 P
-5 16 2 P
-5 16 3 P
-5 16 4 P
-5 16 5 P
-5 16 6 P
-5 16 7 P
-5 16 8 P
-5 16 9 P
-5 16 10 G
-5 17 -28 G
-5 17 -27 P
-5 17 -26 P
-5 17 -25 P
-5 17 -24 P
-5 17 -23 P
-5 17 -22 P
-5 17 -21 P
-5 17 -20 P
-5 17 -19 P
-5 17 -18 P
-5 17 -17 P
-5 17 -16 P
-5 17 -15 P
-5 17 -14 P
-5 17 -13 P
-5 17 -12 P
-5 17 -11 P
-5 17 -10 P
-5 17 -9 P
-5 17 -8 P
-5 17 -7 P
-5 17 -6 P
-5 17 -5 P
-5 17 -4 P
-5 17 -3 P
-5 17 -2 P
-5 17 -1 P
-5 17 0 P
-5 17 1 P
-5 17 2 P
-5 17 3 P
-5 17 4 P
-5 17 5 P
-5 17 6 P
-5 17 7 P
-5 17 8 G
-5 17 9 G
-5 18 -28 G
-5 18 -27 P
-5 18 -26 P
-5 18 -25 P
-5 18 -24 P
-5 18 -23 P
-5 18 -22 P
-5 18 -21 P
-5 18 -20 P
-5 18 -19 P
-5 18 -18 P
-5 18 -17 P
-5 18 -16 P
-5 18 -15 P
-5 18 -14 P
-5 18 -13 P
-5 18 -12 P
-5 18 -11 P
-5 18 -10 P
-5 18 -9 P
-5 18 -8 P
-5 18 -7 P
-5 18 -6 P
-5 18 -5 P
-5 18 -4 P
-5 18 -3 P
-5 18 -2 P
-5 18 -1 P
-5 18 0 P
-5 18 1 P
-5 18 2 P
-5 18 3 P
-5 18 4 P
-5 18 5 P
-5 18 6 P
-5 18 7 G
-5 19 -27 G
-5 19 -26 G
-5 19 -25 P
-5 19 -24 P
-5 19 -23 P
-5 19 -22 P
-5 19 -21 P
-5 19 -20 P
-5 19 -19 P
-5 19 -18 P
-5 19 -17 P
-5 19 -16 P
-5 19 -15 P
-5 19 -14 P
-5 19 -13 P
-5 19 -12 P
-5 19 -11 P
-5 19 -10 P
-5 19 -9 P
-5 19 -8 P
-5 19 -7 P
-5 19 -6 P
-5 19 -5 P
-5 19 -4 P
-5 19 -3 P
-5 19 -2 P
-5 19 -1 P
-5 19 0 P
-5 19 1 P
-5 19 2 P
-5 19 3 P
-5 19 4 P
-5 19 5 P
-5 19 6 G
-5 20 -25 G
-5 20 -24 G
-5 20 -23 P
-5 20 -22 P
-5 20 -21 P
-5 20 -20 P
-5 20 -19 P
-5 20 -18 P
-5 20 -17 P
-5 20 -16 P
-5 20 -15 P
-5 20 -14 P
-5 20 -13 P
-5 20 -12 P
-5 20 -11 P
-5 20 -10 P
-5 20 -9 P
-5 20 -8 P
-5 20 -7 P
-5 20 -6 P
-5 20 -5 P
-5 20 -4 P
-5 20 -3 P
-5 20 -2 P
-5 20 -1 P
-5 20 0 P
-5 20 1 P
-5 20 2 P
-5 20 3 P
-5 20 4 P
-5 20 5 C
-4 5 -26 P
-4 5 -25 P
-4 5 -24 P
-4 5 -23 P
-4 5 -22 P
-4 5 -21 P
-4 5 -20 P
-4 5 -19 P
-4 5 -18 P
-4 5 -17 P
-4 5 -16 P
-4 5 -15 P
-4 5 -14 P
-4 5 -13 P
-4 5 -12 P
-4 5 -11 P
-4 5 -10 P
-4 5 -9 P
-4 5 -8 P
-4 5 -7 P
-4 5 -6 P
-4 5 -5 P
-4 5 -4 P
-4 5 -3 P
-4 5 -2 P
-4 5 -1 P
-4 5 0 P
-4 5 1 P
-4 5 2 P
-4 5 3 P
-4 5 4 P
-4 5 5 P
-4 5 6 P
-4 5 7 P
-4 5 8 P
-4 5 9 P
-4 5 10 P
-4 5 11 P
-4 5 12 P
-4 5 13 P
-4 5 14 P
-4 5 15 P
-4 5 16 P
-4 5 17 P
-4 5 18 P
-4 5 19 P
-4 5 20 P
-4 5 21 P
-4 5 22 P
-4 5 23 P
-4 5 24 P
-4 5 25 P
-4 5 26 P
-4 5 27 P
-4 5 28 P
-4 6 -29 B
-4 6 -28 B
-4 6 -27 B
-4 6 -26 P
-4 6 -25 P
-4 6 -24 P
-4 6 -23 P
-4 6 -22 P
-4 6 -21 P
-4 6 -20 P
-4 6 -19 P
-4 6 -18 P
-4 6 -17 P
-4 6 -16 P
-4 6 -15 P
-4 6 -14 P
-4 6 -13 P
-4 6 -12 P
-4 6 -11 P
-4 6 -10 P
-4 6 -9 P
-4 6 -8 P
-4 6 -7 P
-4 6 -6 P
-4 6 -5 P
-4 6 -4 P
-4 6 -3 P
-4 6 -2 P
-4 6 -1 P
-4 6 0 P
-4 6 1 P
-4 6 2 P
-4 6 3 P
-4 6 4 P
-4 6 5 P
-4 6 6 P
-4 6 7 P
-4 6 8 P
-4 6 9 P
-4 6 10 P
-4 6 11 P
-4 6 12 P
-4 6 13 P
-4 6 14 P
-4 6 15 P
-4 6 16 P
-4 6 17 P
-4 6 18 P
-4 6 19 P
-4 6 20 P
-4 6 21 P
-4 6 22 P
-4 6 23 P
-4 6 24 P
-4 6 25 P
-4 6 26 P
-4 6 27 P
-4 6 28 P
-4 6 29 B
-4 7 -29 B
-4 7 -28 P
-4 7 -27 P
-4 7 -26 P
-4 7 -25 P
-4 7 -24 P
-4 7 -23 P
-4 7 -22 P
-4 7 -21 P
-4 7 -20 P
-4 7 -19 P
-4 7 -18 P
-4 7 -17 P
-4 7 -16 P
-4 7 -15 P
-4 7 -14 P
-4 7 -13 P
-4 7 -12 P
-4 7 -11 P
-4 7 -10 P
-4 7 -9 P
-4 7 -8 P
-4 7 -7 P
-4 7 -6 P
-4 7 -5 P
-4 7 -4 P
-4 7 -3 P
-4 7 -2 P
-4 7 -1 P
-4 7 0 P
-4 7 1 P
-4 7 2 P
-4 7 3 P
-4 7 4 P
-4 7 5 P
-4 7 6 P
-4 7 7 P
-4 7 8 P
-4 7 9 P
-4 7 10 P
-4 7 11 P
-4 7 12 P
-4 7 13 P
-4 7 14 P
-4 7 15 P
-4 7 16 P
-4 7 17 P
-4 7 18 P
-4 7 19 P
-4 7 20 P
-4 7 21 P
-4 7 22 P
-4 7 23 P
-4 7 24 P
-4 7 25 P
-4 7 26 P
-4 7 27 P
-4 7 28 P
-4 7 29 B
-4 8 -29 B
-4 8 -28 P
-4 8 -27 P
-4 8 -26 P
-4 8 -25 P
-4 8 -24 P
-4 8 -23 P
-4 8 -22 P
-4 8 -21 P
-4 8 -20 P
-4 8 -19 P
-4 8 -18 P
-4 8 -17 P
-4 8 -16 P
-4 8 -15 P
-4 8 -14 P
-4 8 -13 P
-4 8 -12 P
-4 8 -11 P
-4 8 -10 P
-4 8 -9 P
-4 8 -8 P
-4 8 -7 P
-4 8 -6 P
-4 8 -5 P
-4 8 -4 P
-4 8 -3 P
-4 8 -2 P
-4 8 -1 P
-4 8 0 P
-4 8 1 P
-4 8 2 P
-4 8 3 P
-4 8 4 P
-4 8 5 P
-4 8 6 P
-4 8 7 P
-4 8 8 P
-4 8 9 P
-4 8 10 P
-4 8 11 P
-4 8 12 P
-4 8 13 P
-4 8 14 P
-4 8 15 P
-4 8 16 P
-4 8 17 P
-4 8 18 P
-4 8 19 P
-4 8 20 P
-4 8 21 P
-4 8 22 P
-4 8 23 P
-4 8 24 P
-4 8 25 P
-4 8 26 P
-4 8 27 P
-4 8 28 P
-4 8 29 B
-4 9 -29 P
-4 9 -28 P
-4 9 -27 P
-4 9 -26 P
-4 9 -25 P
-4 9 -24 P
-4 9 -23 P
-4 9 -22 P
-4 9 -21 P
-4 9 -20 P
-4 9 -19 P
-4 9 -18 P
-4 9 -17 P
-4 9 -16 P
-4 9 -15 P
-4 9 -14 P
-4 9 -13 P
-4 9 -12 P
-4 9 -11 P
-4 9 -10 P
-4 9 -9 P
-4 9 -8 P
-4 9 -7 P
-4 9 -6 P
-4 9 -5 P
-4 9 -4 P
-4 9 -3 P
-4 9 -2 P
-4 9 -1 P
-4 9 0 P
-4 9 1 P
-4 9 2 P
-4 9 3 P
-4 9 4 P
-4 9 5 P
-4 9 6 P
-4 9 7 P
-4 9 8 P
-4 9 9 P
-4 9 10 P
-4 9 11 P
-4 9 12 P
-4 9 13 P
-4 9 14 P
-4 9 15 P
-4 9 16 P
-4 9 17 P
-4 9 18 P
-4 9 19 P
-4 9 20 P
-4 9 21 P
-4 9 22 P
-4 9 23 P
-4 9 24 P
-4 9 25 P
-4 9 26 P
-4 9 27 P
-4 9 28 P
-4 9 29 P
-4 10 -29 P
-4 10 -28 P
-4 10 -27 P
-4 10 -26 P
-4 10 -25 P
-4 10 -24 P
-4 10 -23 P
-4 10 -22 P
-4 10 -21 P
-4 10 -20 P
-4 10 -19 P
-4 10 -18 P
-4 10 -17 P
-4 10 -16 P
-4 10 -15 P
-4 10 -14 P
-4 10 -13 P
-4 10 -12 P
-4 10 -11 P
-4 10 -10 P
-4 10 -9 P
-4 10 -8 P
-4 10 -7 P
-4 10 -6 P
-4 10 -5 P
-4 10 -4 P
-4 10 -3 P
-4 10 -2 P
-4 10 -1 P
-4 10 0 P
-4 10 1 P
-4 10 2 P
-4 10 3 P
-4 10 4 P
-4 10 5 P
-4 10 6 P
-4 10 7 P
-4 10 8 P
-4 10 9 P
-4 10 10 P
-4 10 11 P
-4 10 12 P
-4 10 13 P
-4 10 14 P
-4 10 15 P
-4 10 16 P
-4 10 17 P
-4 10 18 P
-4 10 19 P
-4 10 20 P
-4 10 21 P
-4 10 22 P
-4 10 23 P
-4 10 24 P
-4 10 25 P
-4 10 26 P
-4 10 27 P
-4 10 28 P
-4 10 29 P
-4 11 -29 P
-4 11 -28 P
-4 11 -27 P
-4 11 -26 P
-4 11 -25 P
-4 11 -24 P
-4 11 -23 P
-4 11 -22 P
-4 11 -21 P
-4 11 -20 P
-4 11 -19 P
-4 11 -18 P
-4 11 -17 P
-4 11 -16 P
-4 11 -15 P
-4 11 -14 P
-4 11 -13 P
-4 11 -12 P
-4 11 -11 P
-4 11 -10 P
-4 11 -9 P
-4 11 -8 P
-4 11 -7 P
-4 11 -6 P
-4 11 -5 P
-4 11 -4 P
-4 11 -3 P
-4 11 -2 P
-4 11 -1 P
-4 11 0 P
-4 11 1 P
-4 11 2 P
-4 11 3 P
-4 11 4 P
-4 11 5 P
-4 11 6 P
-4 11 7 P
-4 11 8 P
-4 11 9 P
-4 11 10 P
-4 11 11 P
-4 11 12 P
-4 11 13 P
-4 11 14 P
-4 11 15 P
-4 11 16 P
-4 11 17 P
-4 11 18 P
-4 11 19 P
-4 11 20 P
-4 11 21 P
-4 11 22 P
-4 11 23 P
-4 11 24 P
-4 11 25 P
-4 11 26 P
-4 11 27 P
-4 12 -29 P
-4 12 -28 P
-4 12 -27 P
-4 12 -26 P
-4 12 -25 P
-4 12 -24 P
-4 12 -23 P
-4 12 -22 P
-4 12 -21 P
-4 12 -20 P
-4 12 -19 P
-4 12 -18 P
-4 12 -17 P
-4 12 -16 P
-4 12 -15 P
-4 12 -14 P
-4 12 -13 P
-4 12 -12 P
-4 12 -11 P
-4 12 -10 P
-4 12 -9 P
-4 12 -8 P
-4 12 -7 P
-4 12 -6 P
-4 12 -5 P
-4 12 -4 P
-4 12 -3 P
-4 12 -2 P
-4 12 -1 P
-4 12 0 P
-4 12 1 P
-4 12 2 P
-4 12 3 P
-4 12 4 P
-4 12 5 P
-4 12 6 P
-4 12 7 P
-4 12 8 P
-4 12 9 P
-4 12 10 P
-4 12 11 P
-4 12 12 P
-4 12 13 P
-4 12 14 P
-4 12 15 P
-4 12 16 P
-4 12 17 P
-4 12 18 P
-4 12 19 P
-4 12 20 P
-4 12 21 P
-4 12 22 P
-4 12 23 P
-4 12 24 P
-4 13 -29 P
-4 13 -28 P
-4 13 -27 P
-4 13 -26 P
-4 13 -25 P
-4 13 -24 P
-4 13 -23 P
-4 13 -22 P
-4 13 -21 P
-4 13 -20 P
-4 13 -19 P
-4 13 -18 P
-4 13 -17 P
-4 13 -16 P
-4 13 -15 P
-4 13 -14 P
-4 13 -13 P
-4 13 -12 P
-4 13 -11 P
-4 13 -10 P
-4 13 -9 P
-4 13 -8 P
-4 13 -7 P
-4 13 -6 P
-4 13 -5 P
-4 13 -4 P
-4 13 -3 P
-4 13 -2 P
-4 13 -1 P
-4 13 0 P
-4 13 1 P
-4 13 2 P
-4 13 3 P
-4 13 4 P
-4 13 5 P
-4 13 6 P
-4 13 7 P
-4 13 8 P
-4 13 9 P
-4 13 10 P
-4 13 11 P
-4 13 12 P
-4 13 13 P
-4 13 14 P
-4 13 15 P
-4 13 16 P
-4 13 17 P
-4 14 -29 P
-4 14 -28 P
-4 14 -27 P
-4 14 -26 P
-4 14 -25 P
-4 14 -24 P
-4 14 -23 P
-4 14 -22 P
-4 14 -21 P
-4 14 -20 P
-4 14 -19 P
-4 14 -18 P
-4 14 -17 P
-4 14 -16 P
-4 14 -15 P
-4 14 -14 P
-4 14 -13 P
-4 14 -12 P
-4 14 -11 P
-4 14 -10 P
-4 14 -9 P
-4 14 -8 P
-4 14 -7 P
-4 14 -6 P
-4 14 -5 P
-4 14 -4 P
-4 14 -3 P
-4 14 -2 P
-4 14 -1 P
-4 14 0 P
-4 14 1 P
-4 14 2 P
-4 14 3 P
-4 14 4 P
-4 14 5 P
-4 14 6 P
-4 14 7 P
-4 14 8 P
-4 14 9 P
-4 14 10 P
-4 14 11 P
-4 14 12 P
-4 14 13 G
-4 15 -29 P
-4 15 -28 P
-4 15 -27 P
-4 15 -26 P
-4 15 -25 P
-4 15 -24 P
-4 15 -23 P
-4 15 -22 P
-4 15 -21 P
-4 15 -20 P
-4 15 -19 P
-4 15 -18 P
-4 15 -17 P
-4 15 -16 P
-4 15 -15 P
-4 15 -14 P
-4 15 -13 P
-4 15 -12 P
-4 15 -11 P
-4 15 -10 P
-4 15 -9 P
-4 15 -8 P
-4 15 -7 P
-4 15 -6 P
-4 15 -5 P
-4 15 -4 P
-4 15 -3 P
-4 15 -2 P
-4 15 -1 P
-4 15 0 P
-4 15 1 P
-4 15 2 P
-4 15 3 P
-4 15 4 P
-4 15 5 P
-4 15 6 P
-4 15 7 P
-4 15 8 P
-4 15 9 P
-4 15 10 P
-4 15 11 G
-4 15 12 G
-4 16 -28 G
-4 16 -27 P
-4 16 -26 P
-4 16 -25 P
-4 16 -24 P
-4 16 -23 P
-4 16 -22 P
-4 16 -21 P
-4 16 -20 P
-4 16 -19 P
-4 16 -18 P
-4 16 -17 P
-4 16 -16 P
-4 16 -15 P
-4 16 -14 P
-4 16 -13 P
-4 16 -12 P
-4 16 -11 P
-4 16 -10 P
-4 16 -9 P
-4 16 -8 P
-4 16 -7 P
-4 16 -6 P
-4 16 -5 P
-4 16 -4 P
-4 16 -3 P
-4 16 -2 P
-4 16 -1 P
-4 16 0 P
-4 16 1 P
-4 16 2 P
-4 16 3 P
-4 16 4 P
-4 16 5 P
-4 16 6 P
-4 16 7 P
-4 16 8 P
-4 16 9 P
-4 16 10 G
-4 17 -28 G
-4 17 -27 P
-4 17 -26 P
-4 17 -25 P
-4 17 -24 P
-4 17 -23 P
-4 17 -22 P
-4 17 -21 P
-4 17 -20 P
-4 17 -19 P
-4 17 -18 P
-4 17 -17 P
-4 17 -16 P
-4 17 -15 P
-4 17 -14 P
-4 17 -13 P
-4 17 -12 P
-4 17 -11 P
-4 17 -10 P
-4 17 -9 P
-4 17 -8 P
-4 17 -7 P
-4 17 -6 P
-4 17 -5 P
-4 17 -4 P
-4 17 -3 P
-4 17 -2 P
-4 17 -1 P
-4 17 0 P
-4 17 1 P
-4 17 2 P
-4 17 3 P
-4 17 4 P
-4 17 5 P
-4 17 6 P
-4 17 7 P
-4 17 8 G
-4 17 9 G
-4 18 -28 G
-4 18 -27 P
-4 18 -26 P
-4 18 -25 P
-4 18 -24 P
-4 18 -23 P
-4 18 -22 P
-4 18 -21 P
-4 18 -20 P
-4 18 -19 P
-4 18 -18 P
-4 18 -17 P
-4 18 -16 P
-4 18 -15 P
-4 18 -14 P
-4 18 -13 P
-4 18 -12 P
-4 18 -11 P
-4 18 -10 P
-4 18 -9 P
-4 18 -8 P
-4 18 -7 P
-4 18 -6 P
-4 18 -5 P
-4 18 -4 P
-4 18 -3 P
-4 18 -2 P
-4 18 -1 P
-4 18 0 P
-4 18 1 P
-4 18 2 P
-4 18 3 P
-4 18 4 P
-4 18 5 P
-4 18 6 P
-4 18 7 G
-4 19 -27 G
-4 19 -26 G
-4 19 -25 P
-4 19 -24 P
-4 19 -23 P
-4 19 -22 P
-4 19 -21 P
-4 19 -20 P
-4 19 -19 P
-4 19 -18 P
-4 19 -17 P
-4 19 -16 P
-4 19 -15 P
-4 19 -14 P
-4 19 -13 P
-4 19 -12 P
-4 19 -11 P
-4 19 -10 P
-4 19 -9 P
-4 19 -8 P
-4 19 -7 P
-4 19 -6 P
-4 19 -5 P
-4 19 -4 P
-4 19 -3 P
-4 19 -2 P
-4 19 -1 P
-4 19 0 P
-4 19 1 P
-4 19 2 P
-4 19 3 P
-4 19 4 P
-4 19 5 P
-4 19 6 G
-4 20 -25 G
-4 20 -24 G
-4 20 -23 P
-4 20 -22 P
-4 20 -21 P
-4 20 -20 P
-4 20 -19 P
-4 20 -18 P
-4 20 -17 P
-4 20 -16 P
-4 20 -15 P
-4 20 -14 P
-4 20 -13 P
-4 20 -12 P
-4 20 -11 P
-4 20 -10 P
-4 20 -9 P
-4 20 -8 P
-4 20 -7 P
-4 20 -6 P
-4 20 -5 P
-4 20 -4 P
-4 20 -3 P
-4 20 -2 P
-4 20 -1 P
-4 20 0 P
-4 20 1 P
-4 20 2 P
-4 20 3 P
-4 20 4 P
-4 20 5 P
-3 5 -26 P
-3 5 -25 P
-3 5 -24 P
-3 5 -23 P
-3 5 -22 P
-3 5 -21 P
-3 5 -20 P
-3 5 -19 P
-3 5 -18 P
-3 5 -17 P
-3 5 -16 P
-3 5 -15 P
-3 5 -14 P
-3 5 -13 P
-3 5 -12 P
-3 5 -11 P
-3 5 -10 P
-3 5 -9 P
-3 5 -8 P
-3 5 -7 P
-3 5 -6 P
-3 5 -5 P
-3 5 -4 P
-3 5 -3 P
-3 5 -2 P
-3 5 -1 P
-3 5 0 P
-3 5 1 P
-3 5 2 P
-3 5 3 P
-3 5 4 P
-3 5 5 P
-3 5 6 P
-3 5 7 P
-3 5 8 P
-3 5 9 P
-3 5 10 P
-3 5 11 P
-3 5 12 P
-3 5 13 P
-3 5 14 P
-3 5 15 P
-3 5 16 P
-3 5 17 P
-3 5 18 P
-3 5 19 P
-3 5 20 P
-3 5 21 P
-3 5 22 P
-3 5 23 P
-3 5 24 P
-3 5 25 P
-3 5 26 P
-3 5 27 P
-3 5 28 P
-3 6 -29 B
-3 6 -28 B
-3 6 -27 B
-3 6 -26 P
-3 6 -25 P
-3 6 -24 P
-3 6 -23 P
-3 6 -22 P
-3 6 -21 P
-3 6 -20 P
-3 6 -19 P
-3 6 -18 P
-3 6 -17 P
-3 6 -16 P
-3 6 -15 P
-3 6 -14 P
-3 6 -13 P
-3 6 -12 P
-3 6 -11 P
-3 6 -10 P
-3 6 -9 P
-3 6 -8 P
-3 6 -7 P
-3 6 -6 P
-3 6 -5 P
-3 6 -4 P
-3 6 -3 P
-3 6 -2 P
-3 6 -1 P
-3 6 0 P
-3 6 1 P
-3 6 2 P
-3 6 3 P
-3 6 4 P
-3 6 5 P
-3 6 6 P
-3 6 7 P
-3 6 8 P
-3 6 9 P
-3 6 10 P
-3 6 11 P
-3 6 12 P
-3 6 13 P
-3 6 14 P
-3 6 15 P
-3 6 16 P
-3 6 17 P
-3 6 18 P
-3 6 19 P
-3 6 20 P
-3 6 21 P
-3 6 22 P
-3 6 23 P
-3 6 24 P
-3 6 25 P
-3 6 26 P
-3 6 27 P
-3 6 28 P
-3 6 29 B
-3 7 -29 B
-3 7 -28 P
-3 7 -27 P
-3 7 -26 P
-3 7 -25 P
-3 7 -24 P
-3 7 -23 P
-3 7 -22 P
-3 7 -21 P
-3 7 -20 P
-3 7 -19 P
-3 7 -18 P
-3 7 -17 P
-3 7 -16 P
-3 7 -15 P
-3 7 -14 P
-3 7 -13 P
-3 7 -12 P
-3 7 -11 P
-3 7 -10 P
-3 7 -9 P
-3 7 -8 P
-3 7 -7 P
-3 7 -6 P
-3 7 -5 P
-3 7 -4 P
-3 7 -3 P
-3 7 -2 P
-3 7 -1 P
-3 7 0 P
-3 7 1 P
-3 7 2 P
-3 7 3 P
-3 7 4 P
-3 7 5 P
-3 7 6 P
-3 7 7 P
-3 7 8 P
-3 7 9 P
-3 7 10 P
-3 7 11 P
-3 7 12 P
-3 7 13 P
-3 7 14 P
-3 7 15 P
-3 7 16 P
-3 7 17 P
-3 7 18 P
-3 7 19 P
-3 7 20 P
-3 7 21 P
-3 7 22 P
-3 7 23 P
-3 7 24 P
-3 7 25 P
-3 7 26 P
-3 7 27 P
-3 7 28 P
-3 7 29 B
-3 8 -29 B
-3 8 -28 P
-3 8 -27 P
-3 8 -26 P
-3 8 -25 P
-3 8 -24 P
-3 8 -23 P
-3 8 -22 P
-3 8 -21 P
-3 8 -20 P
-3 8 -19 P
-3 8 -18 P
-3 8 -17 P
-3 8 -16 P
-3 8 -15 P
-3 8 -14 P
-3 8 -13 P
-3 8 -12 P
-3 8 -11 P
-3 8 -10 P
-3 8 -9 P
-3 8 -8 P
-3 8 -7 P
-3 8 -6 P
-3 8 -5 P
-3 8 -4 P
-3 8 -3 P
-3 8 -2 P
-3 8 -1 P
-3 8 0 P
-3 8 1 P
-3 8 2 P
-3 8 3 P
-3 8 4 P
-3 8 5 P
-3 8 6 P
-3 8 7 P
-3 8 8 P
-3 8 9 P
-3 8 10 P
-3 8 11 P
-3 8 12 P
-3 8 13 P
-3 8 14 P
-3 8 15 P
-3 8 16 P
-3 8 17 P
-3 8 18 P
-3 8 19 P
-3 8 20 P
-3 8 21 P
-3 8 22 P
-3 8 23 P
-3 8 24 P
-3 8 25 P
-3 8 26 P
-3 8 27 P
-3 8 28 P
-3 8 29 B
-3 9 -29 P
-3 9 -28 P
-3 9 -27 P
-3 9 -26 P
-3 9 -25 P
-3 9 -24 P
-3 9 -23 P
-3 9 -22 P
-3 9 -21 P
-3 9 -20 P
-3 9 -19 P
-3 9 -18 P
-3 9 -17 P
-3 9 -16 P
-3 9 -15 P
-3 9 -14 P
-3 9 -13 P
-3 9 -12 P
-3 9 -11 P
-3 9 -10 P
-3 9 -9 P
-3 9 -8 P
-3 9 -7 P
-3 9 -6 P
-3 9 -5 P
-3 9 -4 P
-3 9 -3 P
-3 9 -2 P
-3 9 -1 P
-3 9 0 P
-3 9 1 P
-3 9 2 P
-3 9 3 P
-3 9 4 P
-3 9 5 P
-3 9 6 P
-3 9 7 P
-3 9 8 P
-3 9 9 P
-3 9 10 P
-3 9 11 P
-3 9 12 P
-3 9 13 P
-3 9 14 P
-3 9 15 P
-3 9 16 P
-3 9 17 P
-3 9 18 P
-3 9 19 P
-3 9 20 P
-3 9 21 P
-3 9 22 P
-3 9 23 P
-3 9 24 P
-3 9 25 P
-3 9 26 P
-3 9 27 P
-3 9 28 P
-3 9 29 P
-3 10 -29 P
-3 10 -28 P
-3 10 -27 P
-3 10 -26 P
-3 10 -25 P
-3 10 -24 P
-3 10 -23 P
-3 10 -22 P
-3 10 -21 P
-3 10 -20 P
-3 10 -19 P
-3 10 -18 P
-3 10 -17 P
-3 10 -16 P
-3 10 -15 P
-3 10 -14 P
-3 10 -13 P
-3 10 -12 P
-3 10 -11 P
-3 10 -10 P
-3 10 -9 P
-3 10 -8 P
-3 10 -7 P
-3 10 -6 P
-3 10 -5 P
-3 10 -4 P
-3 10 -3 P
-3 10 -2 P
-3 10 -1 P
-3 10 0 P
-3 10 1 P
-3 10 2 P
-3 10 3 P
-3 10 4 P
-3 10 5 P
-3 10 6 P
-3 10 7 P
-3 10 8 P
-3 10 9 P
-3 10 10 P
-3 10 11 P
-3 10 12 P
-3 10 13 P
-3 10 14 P
-3 10 15 P
-3 10 16 P
-3 10 17 P
-3 10 18 P
-3 10 19 P
-3 10 20 P
-3 10 21 P
-3 10 22 P
-3 10 23 P
-3 10 24 P
-3 10 25 P
-3 10 26 P
-3 10 27 P
-3 10 28 P
-3 10 29 P
-3 11 -29 P
-3 11 -28 P
-3 11 -27 P
-3 11 -26 P
-3 11 -25 P
-3 11 -24 P
-3 11 -23 P
-3 11 -22 P
-3 11 -21 P
-3 11 -20 P
-3 11 -19 P
-3 11 -18 P
-3 11 -17 P
-3 11 -16 P
-3 11 -15 P
-3 11 -14 P
-3 11 -13 P
-3 11 -12 P
-3 11 -11 P
-3 11 -10 P
-3 11 -9 P
-3 11 -8 P
-3 11 -7 P
-3 11 -6 P
-3 11 -5 P
-3 11 -4 P
-3 11 -3 P
-3 11 -2 P
-3 11 -1 P
-3 11 0 P
-3 11 1 P
-3 11 2 P
-3 11 3 P
-3 11 4 P
-3 11 5 P
-3 11 6 P
-3 11 7 P
-3 11 8 P
-3 11 9 P
-3 11 10 P
-3 11 11 P
-3 11 12 P
-3 11 13 P
-3 11 14 P
-3 11 15 P
-3 11 16 P
-3 11 17 P
-3 11 18 P
-3 11 19 P
-3 11 20 P
-3 11 21 P
-3 11 22 P
-3 11 23 P
-3 11 24 P
-3 11 25 P
-3 11 26 P
-3 11 27 P
-3 12 -29 P
-3 12 -28 P
-3 12 -27 P
-3 12 -26 P
-3 12 -25 P
-3 12 -24 P
-3 12 -23 P
-3 12 -22 P
-3 12 -21 P
-3 12 -20 P
-3 12 -19 P
-3 12 -18 P
-3 12 -17 P
-3 12 -16 P
-3 12 -15 P
-3 12 -14 P
-3 12 -13 P
-3 12 -12 P
-3 12 -11 P
-3 12 -10 P
-3 12 -9 P
-3 12 -8 P
-3 12 -7 P
-3 12 -6 P
-3 12 -5 P
-3 12 -4 P
-3 12 -3 P
-3 12 -2 P
-3 12 -1 P
-3 12 0 P
-3 12 1 P
-3 12 2 P
-3 12 3 P
-3 12 4 P
-3 12 5 P
-3 12 6 P
-3 12 7 P
-3 12 8 P
-3 12 9 P
-3 12 10 P
-3 12 11 P
-3 12 12 P
-3 12 13 P
-3 12 14 P
-3 12 15 P
-3 12 16 P
-3 12 17 P
-3 12 18 P
-3 12 19 P
-3 12 20 P
-3 12 21 P
-3 12 22 P
-3 12 23 P
-3 12 24 P
-3 13 -29 P
-3 13 -28 P
-3 13 -27 P
-3 13 -26 P
-3 13 -25 P
-3 13 -24 P
-3 13 -23 P
-3 13 -22 P
-3 13 -21 P
-3 13 -20 P
-3 13 -19 P
-3 13 -18 P
-3 13 -17 P
-3 13 -16 P
-3 13 -15 P
-3 13 -14 P
-3 13 -13 P
-3 13 -12 P
-3 13 -11 P
-3 13 -10 P
-3 13 -9 P
-3 13 -8 P
-3 13 -7 P
-3 13 -6 P
-3 13 -5 P
-3 13 -4 P
-3 13 -3 P
-3 13 -2 P
-3 13 -1 P
-3 13 0 P
-3 13 1 P
-3 13 2 P
-3 13 3 P
-3 13 4 P
-3 13 5 P
-3 13 6 P
-3 13 7 P
-3 13 8 P
-3 13 9 P
-3 13 10 P
-3 13 11 P
-3 13 12 P
-3 13 13 P
-3 13 14 P
-3 13 15 P
-3 13 16 P
-3 13 17 P
-3 14 -29 P
-3 14 -28 P
-3 14 -27 P
-3 14 -26 P
-3 14 -25 P
-3 14 -24 P
-3 14 -23 P
-3 14 -22 P
-3 14 -21 P
-3 14 -20 P
-3 14 -19 P
-3 14 -18 P
-3 14 -17 P
-3 14 -16 P
-3 14 -15 P
-3 14 -14 P
-3 14 -13 P
-3 14 -12 P
-3 14 -11 P
-3 14 -10 P
-3 14 -9 P
-3 14 -8 P
-3 14 -7 P
-3 14 -6 P
-3 14 -5 P
-3 14 -4 P
-3 14 -3 P
-3 14 -2 P
-3 14 -1 P
-3 14 0 P
-3 14 1 P
-3 14 2 P
-3 14 3 P
-3 14 4 P
-3 14 5 P
-3 14 6 P
-3 14 7 P
-3 14 8 P
-3 14 9 P
-3 14 10 P
-3 14 11 P
-3 14 12 P
-3 14 13 G
-3 15 -29 P
-3 15 -28 P
-3 15 -27 P
-3 15 -26 P
-3 15 -25 P
-3 15 -24 P
-3 15 -23 P
-3 15 -22 P
-3 15 -21 P
-3 15 -20 P
-3 15 -19 P
-3 15 -18 P
-3 15 -17 P
-3 15 -16 P
-3 15 -15 P
-3 15 -14 P
-3 15 -13 P
-3 15 -12 P
-3 15 -11 P
-3 15 -10 P
-3 15 -9 P
-3 15 -8 P
-3 15 -7 P
-3 15 -6 P
-3 15 -5 P
-3 15 -4 P
-3 15 -3 P
-3 15 -2 P
-3 15 -1 P
-3 15 0 P
-3 15 1 P
-3 15 2 P
-3 15 3 P
-3 15 4 P
-3 15 5 P
-3 15 6 P
-3 15 7 P
-3 15 8 P
-3 15 9 P
-3 15 10 P
-3 15 11 G
-3 15 12 G
-3 16 -28 G
-3 16 -27 P
-3 16 -26 P
-3 16 -25 P
-3 16 -24 P
-3 16 -23 P
-3 16 -22 P
-3 16 -21 P
-3 16 -20 P
-3 16 -19 P
-3 16 -18 P
-3 16 -17 P
-3 16 -16 P
-3 16 -15 P
-3 16 -14 P
-3 16 -13 P
-3 16 -12 P
-3 16 -11 P
-3 16 -10 P
-3 16 -9 P
-3 16 -8 P
-3 16 -7 P
-3 16 -6 P
-3 16 -5 P
-3 16 -4 P
-3 16 -3 P
-3 16 -2 P
-3 16 -1 P
-3 16 0 P
-3 16 1 P
-3 16 2 P
-3 16 3 P
-3 16 4 P
-3 16 5 P
-3 16 6 P
-3 16 7 P
-3 16 8 P
-3 16 9 P
-3 16 10 G
-3 17 -28 G
-3 17 -27 P
-3 17 -26 P
-3 17 -25 P
-3 17 -24 P
-3 17 -23 P
-3 17 -22 P
-3 17 -21 P
-3 17 -20 P
-3 17 -19 P
-3 17 -18 P
-3 17 -17 P
-3 17 -16 P
-3 17 -15 P
-3 17 -14 P
-3 17 -13 P
-3 17 -12 P
-3 17 -11 P
-3 17 -10 P
-3 17 -9 P
-3 17 -8 P
-3 17 -7 P
-3 17 -6 P
-3 17 -5 P
-3 17 -4 P
-3 17 -3 P
-3 17 -2 P
-3 17 -1 P
-3 17 0 P
-3 17 1 P
-3 17 2 P
-3 17 3 P
-3 17 4 P
-3 17 5 P
-3 17 6 P
-3 17 7 P
-3 17 8 G
-3 17 9 G
-3 18 -28 G
-3 18 -27 P
-3 18 -26 P
-3 18 -25 P
-3 18 -24 P
-3 18 -23 P
-3 18 -22 P
-3 18 -21 P
-3 18 -20 P
-3 18 -19 P
-3 18 -18 P
-3 18 -17 P
-3 18 -16 P
-3 18 -15 P
-3 18 -14 P
-3 18 -13 P
-3 18 -12 P
-3 18 -11 P
-3 18 -10 P
-3 18 -9 P
-3 18 -8 P
-3 18 -7 P
-3 18 -6 P
-3 18 -5 P
-3 18 -4 P
-3 18 -3 P
-3 18 -2 P
-3 18 -1 P
-3 18 0 P
-3 18 1 P
-3 18 2 P
-3 18 3 P
-3 18 4 P
-3 18 5 P
-3 18 6 P
-3 18 7 G
-3 19 -27 G
-3 19 -26 G
-3 19 -25 P
-3 19 -24 P
-3 19 -23 P
-3 19 -22 P
-3 19 -21 P
-3 19 -20 P
-3 19 -19 P
-3 19 -18 P
-3 19 -17 P
-3 19 -16 P
-3 19 -15 P
-3 19 -14 P
-3 19 -13 P
-3 19 -12 P
-3 19 -11 P
-3 19 -10 P
-3 19 -9 P
-3 19 -8 P
-3 19 -7 P
-3 19 -6 P
-3 19 -5 P
-3 19 -4 P
-3 19 -3 P
-3 19 -2 P
-3 19 -1 P
-3 19 0 P
-3 19 1 P
-3 19 2 P
-3 19 3 P
-3 19 4 P
-3 19 5 P
-3 19 6 G
-3 20 -25 G
-3 20 -24 G
-3 20 -23 P
-3 20 -22 P
-3 20 -21 P
-3 20 -20 P
-3 20 -19 P
-3 20 -18 P
-3 20 -17 P
-3 20 -16 P
-3 20 -15 P
-3 20 -14 P
-3 20 -13 P
-3 20 -12 P
-3 20 -11 P
-3 20 -10 P
-3 20 -9 P
-3 20 -8 P
-3 20 -7 P
-3 20 -6 P
-3 20 -5 P
-3 20 -4 P
-3 20 -3 P
-3 20 -2 P
-3 20 -1 P
-3 20 0 P
-3 20 1 P
-3 20 2 P
-3 20 3 P
-3 20 4 P
-3 20 5 P
-2 5 -26 P
-2 5 -25 P
-2 5 -24 P
-2 5 -23 P
-2 5 -22 P
-2 5 -21 P
-2 5 -20 P
-2 5 -19 P
-2 5 -18 P
-2 5 -17 P
-2 5 -16 P
-2 5 -15 P
-2 5 -14 P
-2 5 -13 P
-2 5 -12 P
-2 5 -11 P
-2 5 -10 P
-2 5 -9 P
-2 5 -8 P
-2 5 -7 P
-2 5 -6 P
-2 5 -5 P
-2 5 -4 P
-2 5 -3 P
-2 5 -2 P
-2 5 -1 P
-2 5 0 P
-2 5 1 P
-2 5 2 P
-2 5 3 P
-2 5 4 P
-2 5 5 P
-2 5 6 P
-2 5 7 P
-2 5 8 P
-2 5 9 P
-2 5 10 P
-2 5 11 P
-2 5 12 P
-2 5 13 P
-2 5 14 P
-2 5 15 P
-2 5 16 P
-2 5 17 P
-2 5 18 P
-2 5 19 P
-2 5 20 P
-2 5 21 P
-2 5 22 P
-2 5 23 P
-2 5 24 P
-2 5 25 P
-2 5 26 P
-2 5 27 P
-2 5 28 P
-2 6 -29 B
-2 6 -28 B
-2 6 -27 B
-2 6 -26 P
-2 6 -25 P
-2 6 -24 P
-2 6 -23 P
-2 6 -22 P
-2 6 -21 P
-2 6 -20 P
-2 6 -19 P
-2 6 -18 P
-2 6 -17 P
-2 6 -16 P
-2 6 -15 P
-2 6 -14 P
-2 6 -13 P
-2 6 -12 P
-2 6 -11 P
-2 6 -10 P
-2 6 -9 P
-2 6 -8 P
-2 6 -7 P
-2 6 -6 P
-2 6 -5 P
-2 6 -4 P
-2 6 -3 P
-2 6 -2 P
-2 6 -1 P
-2 6 0 P
-2 6 1 P
-2 6 2 P
-2 6 3 P
-2 6 4 P
-2 6 5 P
-2 6 6 P
-2 6 7 P
-2 6 8 P
-2 6 9 P
-2 6 10 P
-2 6 11 P
-2 6 12 P
-2 6 13 P
-2 6 14 P
-2 6 15 P
-2 6 16 P
-2 6 17 P
-2 6 18 P
-2 6 19 P
-2 6 20 P
-2 6 21 P
-2 6 22 P
-2 6 23 P
-2 6 24 P
-2 6 25 P
-2 6 26 P
-2 6 27 P
-2 6 28 P
-2 6 29 B
-2 7 -29 B
-2 7 -28 P
-2 7 -27 P
-2 7 -26 P
-2 7 -25 P
-2 7 -24 P
-2 7 -23 P
-2 7 -22 P
-2 7 -21 P
-2 7 -20 P
-2 7 -19 P
-2 7 -18 P
-2 7 -17 P
-2 7 -16 P
-2 7 -15 P
-2 7 -14 P
-2 7 -13 P
-2 7 -12 P
-2 7 -11 P
-2 7 -10 P
-2 7 -9 P
-2 7 -8 P
-2 7 -7 P
-2 7 -6 P
-2 7 -5 P
-2 7 -4 P
-2 7 -3 P
-2 7 -2 P
-2 7 -1 P
-2 7 0 P
-2 7 1 P
-2 7 2 P
-2 7 3 P
-2 7 4 P
-2 7 5 P
-2 7 6 P
-2 7 7 P
-2 7 8 P
-2 7 9 P
-2 7 10 P
-2 7 11 P
-2 7 12 P
-2 7 13 P
-2 7 14 P
-2 7 15 P
-2 7 16 P
-2 7 17 P
-2 7 18 P
-2 7 19 P
-2 7 20 P
-2 7 21 P
-2 7 22 P
-2 7 23 P
-2 7 24 P
-2 7 25 P
-2 7 26 P
-2 7 27 P
-2 7 28 P
-2 7 29 B
-2 8 -29 B
-2 8 -28 P
-2 8 -27 P
-2 8 -26 P
-2 8 -25 P
-2 8 -24 P
-2 8 -23 P
-2 8 -22 P
-2 8 -21 P
-2 8 -20 P
-2 8 -19 P
-2 8 -18 P
-2 8 -17 P
-2 8 -16 P
-2 8 -15 P
-2 8 -14 P
-2 8 -13 P
-2 8 -12 P
-2 8 -11 P
-2 8 -10 P
-2 8 -9 P
-2 8 -8 P
-2 8 -7 P
-2 8 -6 P
-2 8 -5 P
-2 8 -4 P
-2 8 -3 P
-2 8 -2 P
-2 8 -1 P
-2 8 0 P
-2 8 1 P
-2 8 2 P
-2 8 3 P
-2 8 4 P
-2 8 5 P
-2 8 6 P
-2 8 7 P
-2 8 8 P
-2 8 9 P
-2 8 10 P
-2 8 11 P
-2 8 12 P
-2 8 13 P
-2 8 14 P
-2 8 15 P
-2 8 16 P
-2 8 17 P
-2 8 18 P
-2 8 19 P
-2 8 20 P
-2 8 21 P
-2 8 22 P
-2 8 23 P
-2 8 24 P
-2 8 25 P
-2 8 26 P
-2 8 27 P
-2 8 28 P
-2 8 29 B
-2 9 -29 P
-2 9 -28 P
-2 9 -27 P
-2 9 -26 P
-2 9 -25 P
-2 9 -24 P
-2 9 -23 P
-2 9 -22 P
-2 9 -21 P
-2 9 -20 P
-2 9 -19 P
-2 9 -18 P
-2 9 -17 P
-2 9 -16 P
-2 9 -15 P
-2 9 -14 P
-2 9 -13 P
-2 9 -12 P
-2 9 -11 P
-2 9 -10 P
-2 9 -9 P
-2 9 -8 P
-2 9 -7 P
-2 9 -6 P
-2 9 -5 P
-2 9 -4 P
-2 9 -3 P
-2 9 -2 P
-2 9 -1 P
-2 9 0 P
-2 9 1 P
-2 9 2 P
-2 9 3 P
-2 9 4 P
-2 9 5 P
-2 9 6 P
-2 9 7 P
-2 9 8 P
-2 9 9 P
-2 9 10 P
-2 9 11 P
-2 9 12 P
-2 9 13 P
-2 9 14 P
-2 9 15 P
-2 9 16 P
-2 9 17 P
-2 9 18 P
-2 9 19 P
-2 9 20 P
-2 9 21 P
-2 9 22 P
-2 9 23 P
-2 9 24 P
-2 9 25 P
-2 9 26 P
-2 9 27 P
-2 9 28 P
-2 9 29 P
-2 10 -29 L
-2 10 -28 P
-2 10 -27 P
-2 10 -26 P
-2 10 -25 P
-2 10 -24 P
-2 10 -23 P
-2 10 -22 P
-2 10 -21 P
-2 10 -20 P
-2 10 -19 P
-2 10 -18 P
-2 10 -17 P
-2 10 -16 P
-2 10 -15 P
-2 10 -14 P
-2 10 -13 P
-2 10 -12 P
-2 10 -11 P
-2 10 -10 P
-2 10 -9 P
-2 10 -8 P
-2 10 -7 P
-2 10 -6 P
-2 10 -5 P
-2 10 -4 P
-2 10 -3 P
-2 10 -2 P
-2 10 -1 P
-2 10 0 P
-2 10 1 P
-2 10 2 P
-2 10 3 P
-2 10 4 P
-2 10 5 P
-2 10 6 P
-2 10 7 P
-2 10 8 P
-2 10 9 P
-2 10 10 P
-2 10 11 P
-2 10 12 P
-2 10 13 P
-2 10 14 P
-2 10 15 P
-2 10 16 P
-2 10 17 P
-2 10 18 P
-2 10 19 P
-2 10 20 P
-2 10 21 P
-2 10 22 P
-2 10 23 P
-2 10 24 P
-2 10 25 P
-2 10 26 P
-2 10 27 P
-2 10 28 P
-2 10 29 R
-2 11 -29 P
-2 11 -28 P
-2 11 -27 P
-2 11 -26 P
-2 11 -25 P
-2 11 -24 P
-2 11 -23 P
-2 11 -22 P
-2 11 -21 P
-2 11 -20 P
-2 11 -19 P
-2 11 -18 P
-2 11 -17 P
-2 11 -16 P
-2 11 -15 P
-2 11 -14 P
-2 11 -13 P
-2 11 -12 P
-2 11 -11 P
-2 11 -10 P
-2 11 -9 P
-2 11 -8 P
-2 11 -7 P
-2 11 -6 P
-2 11 -5 P
-2 11 -4 P
-2 11 -3 P
-2 11 -2 P
-2 11 -1 P
-2 11 0 P
-2 11 1 P
-2 11 2 P
-2 11 3 P
-2 11 4 P
-2 11 5 P
-2 11 6 P
-2 11 7 P
-2 11 8 P
-2 11 9 P
-2 11 10 P
-2 11 11 P
-2 11 12 P
-2 11 13 P
-2 11 14 P
-2 11 15 P
-2 11 16 P
-2 11 17 P
-2 11 18 P
-2 11 19 P
-2 11 20 P
-2 11 21 P
-2 11 22 P
-2 11 23 P
-2 11 24 P
-2 11 25 P
-2 11 26 P
-2 11 27 P
-2 12 -29 P
-2 12 -28 P
-2 12 -27 P
-2 12 -26 P
-2 12 -25 P
-2 12 -24 P
-2 12 -23 P
-2 12 -22 P
-2 12 -21 P
-2 12 -20 P
-2 12 -19 P
-2 12 -18 P
-2 12 -17 P
-2 12 -16 P
-2 12 -15 P
-2 12 -14 P
-2 12 -13 P
-2 12 -12 P
-2 12 -11 P
-2 12 -10 P
-2 12 -9 P
-2 12 -8 P
-2 12 -7 P
-2 12 -6 P
-2 12 -5 P
-2 12 -4 P
-2 12 -3 P
-2 12 -2 P
-2 12 -1 P
-2 12 0 P
-2 12 1 P
-2 12 2 P
-2 12 3 P
-2 12 4 P
-2 12 5 P
-2 12 6 P
-2 12 7 P
-2 12 8 P
-2 12 9 P
-2 12 10 P
-2 12 11 P
-2 12 12 P
-2 12 13 P
-2 12 14 P
-2 12 15 P
-2 12 16 P
-2 12 17 P
-2 12 18 P
-2 12 19 P
-2 12 20 P
-2 12 21 P
-2 12 22 P
-2 12 23 P
-2 12 24 P
-2 13 -29 P
-2 13 -28 P
-2 13 -27 P
-2 13 -26 P
-2 13 -25 P
-2 13 -24 P
-2 13 -23 P
-2 13 -22 P
-2 13 -21 P
-2 13 -20 P
-2 13 -19 P
-2 13 -18 P
-2 13 -17 P
-2 13 -16 P
-2 13 -15 P
-2 13 -14 P
-2 13 -13 P
-2 13 -12 P
-2 13 -11 P
-2 13 -10 P
-2 13 -9 P
-2 13 -8 P
-2 13 -7 P
-2 13 -6 P
-2 13 -5 P
-2 13 -4 P
-2 13 -3 P
-2 13 -2 P
-2 13 -1 P
-2 13 0 P
-2 13 1 P
-2 13 2 P
-2 13 3 P
-2 13 4 P
-2 13 5 P
-2 13 6 P
-2 13 7 P
-2 13 8 P
-2 13 9 P
-2 13 10 P
-2 13 11 P
-2 13 12 P
-2 13 13 P
-2 13 14 P
-2 13 15 P
-2 13 16 P
-2 13 17 P
-2 14 -29 P
-2 14 -28 P
-2 14 -27 P
-2 14 -26 P
-2 14 -25 P
-2 14 -24 P
-2 14 -23 P
-2 14 -22 P
-2 14 -21 P
-2 14 -20 P
-2 14 -19 P
-2 14 -18 P
-2 14 -17 P
-2 14 -16 P
-2 14 -15 P
-2 14 -14 P
-2 14 -13 P
-2 14 -12 P
-2 14 -11 P
-2 14 -10 P
-2 14 -9 P
-2 14 -8 P
-2 14 -7 P
-2 14 -6 P
-2 14 -5 P
-2 14 -4 P
-2 14 -3 P
-2 14 -2 P
-2 14 -1 P
-2 14 0 P
-2 14 1 P
-2 14 2 P
-2 14 3 P
-2 14 4 P
-2 14 5 P
-2 14 6 P
-2 14 7 P
-2 14 8 P
-2 14 9 P
-2 14 10 P
-2 14 11 P
-2 14 12 P
-2 14 13 G
-2 15 -29 P
-2 15 -28 P
-2 15 -27 P
-2 15 -26 P
-2 15 -25 P
-2 15 -24 P
-2 15 -23 P
-2 15 -22 P
-2 15 -21 P
-2 15 -20 P
-2 15 -19 P
-2 15 -18 P
-2 15 -17 P
-2 15 -16 P
-2 15 -15 P
-2 15 -14 P
-2 15 -13 P
-2 15 -12 P
-2 15 -11 P
-2 15 -10 P
-2 15 -9 P
-2 15 -8 P
-2 15 -7 P
-2 15 -6 P
-2 15 -5 P
-2 15 -4 P
-2 15 -3 P
-2 15 -2 P
-2 15 -1 P
-2 15 0 P
-2 15 1 P
-2 15 2 P
-2 15 3 P
-2 15 4 P
-2 15 5 P
-2 15 6 P
-2 15 7 P
-2 15 8 P
-2 15 9 P
-2 15 10 P
-2 15 11 G
-2 15 12 G
-2 16 -28 G
-2 16 -27 P
-2 16 -26 P
-2 16 -25 P
-2 16 -24 P
-2 16 -23 P
-2 16 -22 P
-2 16 -21 P
-2 16 -20 P
-2 16 -19 P
-2 16 -18 P
-2 16 -17 P
-2 16 -16 P
-2 16 -15 P
-2 16 -14 P
-2 16 -13 P
-2 16 -12 P
-2 16 -11 P
-2 16 -10 P
-2 16 -9 P
-2 16 -8 P
-2 16 -7 P
-2 16 -6 P
-2 16 -5 P
-2 16 -4 P
-2 16 -3 P
-2 16 -2 P
-2 16 -1 P
-2 16 0 P
-2 16 1 P
-2 16 2 P
-2 16 3 P
-2 16 4 P
-2 16 5 P
-2 16 6 P
-2 16 7 P
-2 16 8 P
-2 16 9 P
-2 16 10 G
-2 17 -28 G
-2 17 -27 P
-2 17 -26 P
-2 17 -25 P
-2 17 -24 P
-2 17 -23 P
-2 17 -22 P
-2 17 -21 P
-2 17 -20 P
-2 17 -19 P
-2 17 -18 P
-2 17 -17 P
-2 17 -16 P
-2 17 -15 P
-2 17 -14 P
-2 17 -13 P
-2 17 -12 P
-2 17 -11 P
-2 17 -10 P
-2 17 -9 P
-2 17 -8 P
-2 17 -7 P
-2 17 -6 P
-2 17 -5 P
-2 17 -4 P
-2 17 -3 P
-2 17 -2 P
-2 17 -1 P
-2 17 0 P
-2 17 1 P
-2 17 2 P
-2 17 3 P
-2 17 4 P
-2 17 5 P
-2 17 6 P
-2 17 7 P
-2 17 8 G
-2 17 9 G
-2 18 -28 G
-2 18 -27 P
-2 18 -26 P
-2 18 -25 P
-2 18 -24 P
-2 18 -23 P
-2 18 -22 P
-2 18 -21 P
-2 18 -20 P
-2 18 -19 P
-2 18 -18 P
-2 18 -17 P
-2 18 -16 P
-2 18 -15 P
-2 18 -14 P
-2 18 -13 P
-2 18 -12 P
-2 18 -11 P
-2 18 -10 P
-2 18 -9 P
-2 18 -8 P
-2 18 -7 P
-2 18 -6 P
-2 18 -5 P
-2 18 -4 P
-2 18 -3 P
-2 18 -2 P
-2 18 -1 P
-2 18 0 P
-2 18 1 P
-2 18 2 P
-2 18 3 P
-2 18 4 P
-2 18 5 P
-2 18 6 P
-2 18 7 G
-2 19 -27 G
-2 19 -26 G
-2 19 -25 P
-2 19 -24 P
-2 19 -23 P
-2 19 -22 P
-2 19 -21 P
-2 19 -20 P
-2 19 -19 P
-2 19 -18 P
-2 19 -17 P
-2 19 -16 P
-2 19 -15 P
-2 19 -14 P
-2 19 -13 P
-2 19 -12 P
-2 19 -11 P
-2 19 -10 P
-2 19 -9 P
-2 19 -8 P
-2 19 -7 P
-2 19 -6 P
-2 19 -5 P
-2 19 -4 P
-2 19 -3 P
-2 19 -2 P
-2 19 -1 P
-2 19 0 P
-2 19 1 P
-2 19 2 P
-2 19 3 P
-2 19 4 P
-2 19 5 P
-2 19 6 G
-2 20 -25 G
-2 20 -24 G
-2 20 -23 P
-2 20 -22 P
-2 20 -21 P
-2 20 -20 P
-2 20 -19 P
-2 20 -18 P
-2 20 -17 P
-2 20 -16 P
-2 20 -15 P
-2 20 -14 P
-2 20 -13 P
-2 20 -12 P
-2 20 -11 P
-2 20 -10 P
-2 20 -9 P
-2 20 -8 P
-2 20 -7 P
-2 20 -6 P
-2 20 -5 P
-2 20 -4 P
-2 20 -3 P
-2 20 -2 P
-2 20 -1 P
-2 20 0 P
-2 20 1 P
-2 20 2 P
-2 20 3 P
-2 20 4 P
-2 20 5 P
-1 5 -26 P
-1 5 -25 P
-1 5 -24 P
-1 5 -23 P
-1 5 -22 P
-1 5 -21 P
-1 5 -20 P
-1 5 -19 P
-1 5 -18 P
-1 5 -17 P
-1 5 -16 P
-1 5 -15 P
-1 5 -14 P
-1 5 -13 P
-1 5 -12 P
-1 5 -11 P
-1 5 -10 P
-1 5 -9 P
-1 5 -8 P
-1 5 -7 P
-1 5 -6 P
-1 5 -5 P
-1 5 -4 P
-1 5 -3 P
-1 5 -2 P
-1 5 -1 P
-1 5 0 P
-1 5 1 P
-1 5 2 P
-1 5 3 P
-1 5 4 P
-1 5 5 P
-1 5 6 P
-1 5 7 P
-1 5 8 P
-1 5 9 P
-1 5 10 P
-1 5 11 P
-1 5 12 P
-1 5 13 P
-1 5 14 P
-1 5 15 P
-1 5 16 P
-1 5 17 P
-1 5 18 P
-1 5 19 P
-1 5 20 P
-1 5 21 P
-1 5 22 P
-1 5 23 P
-1 5 24 P
-1 5 25 P
-1 5 26 P
-1 5 27 P
-1 5 28 P
-1 6 -29 B
-1 6 -28 B
-1 6 -27 B
-1 6 -26 P
-1 6 -25 P
-1 6 -24 P
-1 6 -23 P
-1 6 -22 P
-1 6 -21 P
-1 6 -20 P
-1 6 -19 P
-1 6 -18 P
-1 6 -17 P
-1 6 -16 P
-1 6 -15 P
-1 6 -14 P
-1 6 -13 P
-1 6 -12 P
-1 6 -11 P
-1 6 -10 P
-1 6 -9 P
-1 6 -8 P
-1 6 -7 P
-1 6 -6 P
-1 6 -5 P
-1 6 -4 P
-1 6 -3 P
-1 6 -2 P
-1 6 -1 P
-1 6 0 P
-1 6 1 P
-1 6 2 P
-1 6 3 P
-1 6 4 P
-1 6 5 P
-1 6 6 P
-1 6 7 P
-1 6 8 P
-1 6 9 P
-1 6 10 P
-1 6 11 P
-1 6 12 P
-1 6 13 P
-1 6 14 P
-1 6 15 P
-1 6 16 P
-1 6 17 P
-1 6 18 P
-1 6 19 P
-1 6 20 P
-1 6 21 P
-1 6 22 P
-1 6 23 P
-1 6 24 P
-1 6 25 P
-1 6 26 P
-1 6 27 P
-1 6 28 P
-1 6 29 B
-1 7 -29 B
-1 7 -28 P
-1 7 -27 P
-1 7 -26 P
-1 7 -25 P
-1 7 -24 P
-1 7 -23 P
-1 7 -22 P
-1 7 -21 P
-1 7 -20 P
-1 7 -19 P
-1 7 -18 P
-1 7 -17 P
-1 7 -16 P
-1 7 -15 P
-1 7 -14 P
-1 7 -13 P
-1 7 -12 P
-1 7 -11 P
-1 7 -10 P
-1 7 -9 P
-1 7 -8 P
-1 7 -7 P
-1 7 -6 P
-1 7 -5 P
-1 7 -4 P
-1 7 -3 P
-1 7 -2 P
-1 7 -1 P
-1 7 0 P
-1 7 1 P
-1 7 2 P
-1 7 3 P
-1 7 4 P
-1 7 5 P
-1 7 6 P
-1 7 7 P
-1 7 8 P
-1 7 9 P
-1 7 10 P
-1 7 11 P
-1 7 12 P
-1 7 13 P
-1 7 14 P
-1 7 15 P
-1 7 16 P
-1 7 17 P
-1 7 18 P
-1 7 19 P
-1 7 20 P
-1 7 21 P
-1 7 22 P
-1 7 23 P
-1 7 24 P
-1 7 25 P
-1 7 26 P
-1 7 27 P
-1 7 28 P
-1 7 29 B
-1 8 -29 B
-1 8 -28 P
-1 8 -27 P
-1 8 -26 P
-1 8 -25 P
-1 8 -24 P
-1 8 -23 P
-1 8 -22 P
-1 8 -21 P
-1 8 -20 P
-1 8 -19 P
-1 8 -18 P
-1 8 -17 P
-1 8 -16 P
-1 8 -15 P
-1 8 -14 P
-1 8 -13 P
-1 8 -12 P
-1 8 -11 P
-1 8 -10 P
-1 8 -9 P
-1 8 -8 P
-1 8 -7 P
-1 8 -6 P
-1 8 -5 P
-1 8 -4 P
-1 8 -3 P
-1 8 -2 P
-1 8 -1 P
-1 8 0 P
-1 8 1 P
-1 8 2 P
-1 8 3 P
-1 8 4 P
-1 8 5 P
-1 8 6 P
-1 8 7 P
-1 8 8 P
-1 8 9 P
-1 8 10 P
-1 8 11 P
-1 8 12 P
-1 8 13 P
-1 8 14 P
-1 8 15 P
-1 8 16 P
-1 8 17 P
-1 8 18 P
-1 8 19 P
-1 8 20 P
-1 8 21 P
-1 8 22 P
-1 8 23 P
-1 8 24 P
-1 8 25 P
-1 8 26 P
-1 8 27 P
-1 8 28 P
-1 8 29 B
-1 9 -29 P
-1 9 -28 P
-1 9 -27 P
-1 9 -26 P
-1 9 -25 P
-1 9 -24 P
-1 9 -23 P
-1 9 -22 P
-1 9 -21 P
-1 9 -20 P
-1 9 -19 P
-1 9 -18 P
-1 9 -17 P
-1 9 -16 P
-1 9 -15 P
-1 9 -14 P
-1 9 -13 P
-1 9 -12 P
-1 9 -11 P
-1 9 -10 P
-1 9 -9 P
-1 9 -8 P
-1 9 -7 P
-1 9 -6 P
-1 9 -5 P
-1 9 -4 P
-1 9 -3 P
-1 9 -2 P
-1 9 -1 P
-1 9 0 P
-1 9 1 P
-1 9 2 P
-1 9 3 P
-1 9 4 P
-1 9 5 P
-1 9 6 P
-1 9 7 P
-1 9 8 P
-1 9 9 P
-1 9 10 P
-1 9 11 P
-1 9 12 P
-1 9 13 P
-1 9 14 P
-1 9 15 P
-1 9 16 P
-1 9 17 P
-1 9 18 P
-1 9 19 P
-1 9 20 P
-1 9 21 P
-1 9 22 P
-1 9 23 P
-1 9 24 P
-1 9 25 P
-1 9 26 P
-1 9 27 P
-1 9 28 P
-1 9 29 P
-1 10 -29 L
-1 10 -28 P
-1 10 -27 P
-1 10 -26 P
-1 10 -25 P
-1 10 -24 P
-1 10 -23 P
-1 10 -22 P
-1 10 -21 P
-1 10 -20 P
-1 10 -19 P
-1 10 -18 P
-1 10 -17 P
-1 10 -16 P
-1 10 -15 P
-1 10 -14 P
-1 10 -13 P
-1 10 -12 P
-1 10 -11 P
-1 10 -10 P
-1 10 -9 P
-1 10 -8 P
-1 10 -7 P
-1 10 -6 P
-1 10 -5 P
-1 10 -4 P
-1 10 -3 P
-1 10 -2 P
-1 10 -1 P
-1 10 0 P
-1 10 1 P
-1 10 2 P
-1 10 3 P
-1 10 4 P
-1 10 5 P
-1 10 6 P
-1 10 7 P
-1 10 8 P
-1 10 9 P
-1 10 10 P
-1 10 11 P
-1 10 12 P
-1 10 13 P
-1 10 14 P
-1 10 15 P
-1 10 16 P
-1 10 17 P
-1 10 18 P
-1 10 19 P
-1 10 20 P
-1 10 21 P
-1 10 22 P
-1 10 23 P
-1 10 24 P
-1 10 25 P
-1 10 26 P
-1 10 27 P
-1 10 28 P
-1 10 29 R
-1 11 -29 P
-1 11 -28 P
-1 11 -27 P
-1 11 -26 P
-1 11 -25 P
-1 11 -24 P
-1 11 -23 P
-1 11 -22 P
-1 11 -21 P
-1 11 -20 P
-1 11 -19 P
-1 11 -18 P
-1 11 -17 P
-1 11 -16 P
-1 11 -15 P
-1 11 -14 P
-1 11 -13 P
-1 11 -12 P
-1 11 -11 P
-1 11 -10 P
-1 11 -9 P
-1 11 -8 P
-1 11 -7 P
-1 11 -6 P
-1 11 -5 P
-1 11 -4 P
-1 11 -3 P
-1 11 -2 P
-1 11 -1 P
-1 11 0 P
-1 11 1 P
-1 11 2 P
-1 11 3 P
-1 11 4 P
-1 11 5 P
-1 11 6 P
-1 11 7 P
-1 11 8 P
-1 11 9 P
-1 11 10 P
-1 11 11 P
-1 11 12 P
-1 11 13 P
-1 11 14 P
-1 11 15 P
-1 11 16 P
-1 11 17 P
-1 11 18 P
-1 11 19 P
-1 11 20 P
-1 11 21 P
-1 11 22 P
-1 11 23 P
-1 11 24 P
-1 11 25 P
-1 11 26 P
-1 11 27 P
-1 12 -29 P
-1 12 -28 P
-1 12 -27 P
-1 12 -26 P
-1 12 -25 P
-1 12 -24 P
-1 12 -23 P
-1 12 -22 P
-1 12 -21 P
-1 12 -20 P
-1 12 -19 P
-1 12 -18 P
-1 12 -17 P
-1 12 -16 P
-1 12 -15 P
-1 12 -14 P
-1 12 -13 P
-1 12 -12 P
-1 12 -11 P
-1 12 -10 P
-1 12 -9 P
-1 12 -8 P
-1 12 -7 P
-1 12 -6 P
-1 12 -5 P
-1 12 -4 P
-1 12 -3 P
-1 12 -2 P
-1 12 -1 P
-1 12 0 P
-1 12 1 P
-1 12 2 P
-1 12 3 P
-1 12 4 P
-1 12 5 P
-1 12 6 P
-1 12 7 P
-1 12 8 P
-1 12 9 P
-1 12 10 P
-1 12 11 P
-1 12 12 P
-1 12 13 P
-1 12 14 P
-1 12 15 P
-1 12 16 P
-1 12 17 P
-1 12 18 P
-1 12 19 P
-1 12 20 P
-1 12 21 P
-1 12 22 P
-1 12 23 P
-1 12 24 P
-1 13 -29 P
-1 13 -28 P
-1 13 -27 P
-1 13 -26 P
-1 13 -25 P
-1 13 -24 P
-1 13 -23 P
-1 13 -22 P
-1 13 -21 P
-1 13 -20 P
-1 13 -19 P
-1 13 -18 P
-1 13 -17 P
-1 13 -16 P
-1 13 -15 P
-1 13 -14 P
-1 13 -13 P
-1 13 -12 P
-1 13 -11 P
-1 13 -10 P
-1 13 -9 P
-1 13 -8 P
-1 13 -7 P
-1 13 -6 P
-1 13 -5 P
-1 13 -4 P
-1 13 -3 P
-1 13 -2 P
-1 13 -1 P
-1 13 0 P
-1 13 1 P
-1 13 2 P
-1 13 3 P
-1 13 4 P
-1 13 5 P
-1 13 6 P
-1 13 7 P
-1 13 8 P
-1 13 9 P
-1 13 10 P
-1 13 11 P
-1 13 12 P
-1 13 13 P
-1 13 14 P
-1 13 15 P
-1 13 16 P
-1 13 17 P
-1 14 -29 P
-1 14 -28 P
-1 14 -27 P
-1 14 -26 P
-1 14 -25 P
-1 14 -24 P
-1 14 -23 P
-1 14 -22 P
-1 14 -21 P
-1 14 -20 P
-1 14 -19 P
-1 14 -18 P
-1 14 -17 P
-1 14 -16 P
-1 14 -15 P
-1 14 -14 P
-1 14 -13 P
-1 14 -12 P
-1 14 -11 P
-1 14 -10 P
-1 14 -9 P
-1 14 -8 P
-1 14 -7 P
-1 14 -6 P
-1 14 -5 P
-1 14 -4 P
-1 14 -3 P
-1 14 -2 P
-1 14 -1 P
-1 14 0 P
-1 14 1 P
-1 14 2 P
-1 14 3 P
-1 14 4 P
-1 14 5 P
-1 14 6 P
-1 14 7 P
-1 14 8 P
-1 14 9 P
-1 14 10 P
-1 14 11 P
-1 14 12 P
-1 14 13 G
-1 15 -29 P
-1 15 -28 P
-1 15 -27 P
-1 15 -26 P
-1 15 -25 P
-1 15 -24 P
-1 15 -23 P
-1 15 -22 P
-1 15 -21 P
-1 15 -20 P
-1 15 -19 P
-1 15 -18 P
-1 15 -17 P
-1 15 -16 P
-1 15 -15 P
-1 15 -14 P
-1 15 -13 P
-1 15 -12 P
-1 15 -11 P
-1 15 -10 P
-1 15 -9 P
-1 15 -8 P
-1 15 -7 P
-1 15 -6 P
-1 15 -5 P
-1 15 -4 P
-1 15 -3 P
-1 15 -2 P
-1 15 -1 P
-1 15 0 P
-1 15 1 P
-1 15 2 P
-1 15 3 P
-1 15 4 P
-1 15 5 P
-1 15 6 P
-1 15 7 P
-1 15 8 P
-1 15 9 P
-1 15 10 P
-1 15 11 G
-1 15 12 G
-1 16 -28 G
-1 16 -27 P
-1 16 -26 P
-1 16 -25 P
-1 16 -24 P
-1 16 -23 P
-1 16 -22 P
-1 16 -21 P
-1 16 -20 P
-1 16 -19 P
-1 16 -18 P
-1 16 -17 P
-1 16 -16 P
-1 16 -15 P
-1 16 -14 P
-1 16 -13 P
-1 16 -12 P
-1 16 -11 P
-1 16 -10 P
-1 16 -9 P
-1 16 -8 P
-1 16 -7 P
-1 16 -6 P
-1 16 -5 P
-1 16 -4 P
-1 16 -3 P
-1 16 -2 P
-1 16 -1 P
-1 16 0 P
-1 16 1 P
-1 16 2 P
-1 16 3 P
-1 16 4 P
-1 16 5 P
-1 16 6 P
-1 16 7 P
-1 16 8 P
-1 16 9 P
-1 16 10 G
-1 17 -28 G
-1 17 -27 P
-1 17 -26 P
-1 17 -25 P
-1 17 -24 P
-1 17 -23 P
-1 17 -22 P
-1 17 -21 P
-1 17 -20 P
-1 17 -19 P
-1 17 -18 P
-1 17 -17 P
-1 17 -16 P
-1 17 -15 P
-1 17 -14 P
-1 17 -13 P
-1 17 -12 P
-1 17 -11 P
-1 17 -10 P
-1 17 -9 P
-1 17 -8 P
-1 17 -7 P
-1 17 -6 P
-1 17 -5 P
-1 17 -4 P
-1 17 -3 P
-1 17 -2 P
-1 17 -1 P
-1 17 0 P
-1 17 1 P
-1 17 2 P
-1 17 3 P
-1 17 4 P
-1 17 5 P
-1 17 6 P
-1 17 7 P
-1 17 8 G
-1 17 9 G
-1 18 -28 G
-1 18 -27 P
-1 18 -26 P
-1 18 -25 P
-1 18 -24 P
-1 18 -23 P
-1 18 -22 P
-1 18 -21 P
-1 18 -20 P
-1 18 -19 P
-1 18 -18 P
-1 18 -17 P
-1 18 -16 P
-1 18 -15 P
-1 18 -14 P
-1 18 -13 P
-1 18 -12 P
-1 18 -11 P
-1 18 -10 P
-1 18 -9 P
-1 18 -8 P
-1 18 -7 P
-1 18 -6 P
-1 18 -5 P
-1 18 -4 P
-1 18 -3 P
-1 18 -2 P
-1 18 -1 P
-1 18 0 P
-1 18 1 P
-1 18 2 P
-1 18 3 P
-1 18 4 P
-1 18 5 P
-1 18 6 P
-1 18 7 G
-1 19 -27 G
-1 19 -26 G
-1 19 -25 P
-1 19 -24 P
-1 19 -23 P
-1 19 -22 P
-1 19 -21 P
-1 19 -20 P
-1 19 -19 P
-1 19 -18 P
-1 19 -17 P
-1 19 -16 P
-1 19 -15 P
-1 19 -14 P
-1 19 -13 P
-1 19 -12 P
-1 19 -11 P
-1 19 -10 P
-1 19 -9 P
-1 19 -8 P
-1 19 -7 P
-1 19 -6 P
-1 19 -5 P
-1 19 -4 P
-1 19 -3 P
-1 19 -2 P
-1 19 -1 P
-1 19 0 P
-1 19 1 P
-1 19 2 P
-1 19 3 P
-1 19 4 P
-1 19 5 P
-1 19 6 G
-1 20 -25 G
-1 20 -24 G
-1 20 -23 P
-1 20 -22 P
-1 20 -21 P
-1 20 -20 P
-1 20 -19 P
-1 20 -18 P
-1 20 -17 P
-1 20 -16 P
-1 20 -15 P
-1 20 -14 P
-1 20 -13 P
-1 20 -12 P
-1 20 -11 P
-1 20 -10 P
-1 20 -9 P
-1 20 -8 P
-1 20 -7 P
-1 20 -6 P
-1 20 -5 P
-1 20 -4 P
-1 20 -3 P
-1 20 -2 P
-1 20 -1 P
-1 20 0 P
-1 20 1 P
-1 20 2 P
-1 20 3 P
-1 20 4 P
-1 20 5 P
0 5 -26 P
0 5 -25 P
0 5 -24 P
0 5 -23 P
0 5 -22 P
0 5 -21 P
0 5 -20 P
0 5 -19 P
0 5 -18 P
0 5 -17 P
0 5 -16 P
0 5 -15 P
0 5 -14 P
0 5 -13 P
0 5 -12 P
0 5 -11 P
0 5 -10 P
0 5 -9 P
0 5 -8 P
0 5 -7 P
0 5 -6 P
0 5 -5 P
0 5 -4 P
0 5 -3 P
0 5 -2 P
0 5 -1 P
0 5 0 P
0 5 1 P
0 5 2 P
0 5 3 P
0 5 4 P
0 5 5 P
0 5 6 P
0 5 7 P
0 5 8 P
0 5 9 P
0 5 10 P
0 5 11 P
0 5 12 P
0 5 13 P
0 5 14 P
0 5 15 P
0 5 16 P
0 5 17 P
0 5 18 P
0 5 19 P
0 5 20 P
0 5 21 P
0 5 22 P
0 5 23 P
0 5 24 P
0 5 25 P
0 5 26 P
0 5 27 P
0 5 28 P
0 6 -29 B
0 6 -28 B
0 6 -27 B
0 6 -26 P
0 6 -25 P
0 6 -24 P
0 6 -23 P
0 6 -22 P
0 6 -21 P
0 6 -20 P
0 6 -19 P
0 6 -18 P
0 6 -17 P
0 6 -16 P
0 6 -15 P
0 6 -14 P
0 6 -13 P
0 6 -12 P
0 6 -11 P
0 6 -10 P
0 6 -9 P
0 6 -8 P
0 6 -7 P
0 6 -6 P
0 6 -5 P
0 6 -4 P
0 6 -3 P
0 6 -2 P
0 6 -1 P
0 6 0 P
0 6 1 P
0 6 2 P
0 6 3 P
0 6 4 P
0 6 5 P
0 6 6 P
0 6 7 P
0 6 8 P
0 6 9 P
0 6 10 P
0 6 11 P
0 6 12 P
0 6 13 P
0 6 14 P
0 6 15 P
0 6 16 P
0 6 17 P
0 6 18 P
0 6 19 P
0 6 20 P
0 6 21 P
0 6 22 P
0 6 23 P
0 6 24 P
0 6 25 P
0 6 26 P
0 6 27 P
0 6 28 P
0 6 29 B
0 7 -29 B
0 7 -28 P
0 7 -27 P
0 7 -26 P
0 7 -25 P
0 7 -24 P
0 7 -23 P
0 7 -22 P
0 7 -21 P
0 7 -20 P
0 7 -19 P
0 7 -18 P
0 7 -17 P
0 7 -16 P
0 7 -15 P
0 7 -14 P
0 7 -13 P
0 7 -12 P
0 7 -11 P
0 7 -10 P
0 7 -9 P
0 7 -8 P
0 7 -7 P
0 7 -6 P
0 7 -5 P
0 7 -4 P
0 7 -3 P
0 7 -2 P
0 7 -1 P
0 7 0 P
0 7 1 P
0 7 2 P
0 7 3 P
0 7 4 P
0 7 5 P
0 7 6 P
0 7 7 P
0 7 8 P
0 7 9 P
0 7 10 P
0 7 11 P
0 7 12 P
0 7 13 P
0 7 14 P
0 7 15 P
0 7 16 P
0 7 17 P
0 7 18 P
0 7 19 P
0 7 20 P
0 7 21 P
0 7 22 P
0 7 23 P
0 7 24 P
0 7 25 P
0 7 26 P
0 7 27 P
0 7 28 P
0 7 29 B
0 8 -29 B
0 8 -28 P
0 8 -27 P
0 8 -26 P
0 8 -25 P
0 8 -24 P
0 8 -23 P
0 8 -22 P
0 8 -21 P
0 8 -20 P
0 8 -19 P
0 8 -18 P
0 8 -17 P
0 8 -16 P
0 8 -15 P
0 8 -14 P
0 8 -13 P
0 8 -12 P
0 8 -11 P
0 8 -10 P
0 8 -9 P
0 8 -8 P
0 8 -7 P
0 8 -6 P
0 8 -5 P
0 8 -4 P
0 8 -3 P
0 8 -2 P
0 8 -1 P
0 8 0 P
0 8 1 P
0 8 2 P
0 8 3 P
0 8 4 P
0 8 5 P
0 8 6 P
0 8 7 P
0 8 8 P
0 8 9 P
0 8 10 P
0 8 11 P
0 8 12 P
0 8 13 P
0 8 14 P
0 8 15 P
0 8 16 P
0 8 17 P
0 8 18 P
0 8 19 P
0 8 20 P
0 8 21 P
0 8 22 P
0 8 23 P
0 8 24 P
0 8 25 P
0 8 26 P
0 8 27 P
0 8 28 P
0 8 29 B
0 9 -29 P
0 9 -28 P
0 9 -27 P
0 9 -26 P
0 9 -25 P
0 9 -24 P
0 9 -23 P
0 9 -22 P
0 9 -21 P
0 9 -20 P
0 9 -19 P
0 9 -18 P
0 9 -17 P
0 9 -16 P
0 9 -15 P
0 9 -14 P
0 9 -13 P
0 9 -12 P
0 9 -11 P
0 9 -10 P
0 9 -9 P
0 9 -8 P
0 9 -7 P
0 9 -6 P
0 9 -5 P
0 9 -4 P
0 9 -3 P
0 9 -2 P
0 9 -1 P
0 9 0 P
0 9 1 P
0 9 2 P
0 9 3 P
0 9 4 P
0 9 5 P
0 9 6 P
0 9 7 P
0 9 8 P
0 9 9 P
0 9 10 P
0 9 11 P
0 9 12 P
0 9 13 P
0 9 14 P
0 9 15 P
0 9 16 P
0 9 17 P
0 9 18 P
0 9 19 P
0 9 20 P
0 9 21 P
0 9 22 P
0 9 23 P
0 9 24 P
0 9 25 P
0 9 26 P
0 9 27 P
0 9 28 P
0 9 29 P
0 10 -29 L
0 10 -28 P
0 10 -27 P
0 10 -26 P
0 10 -25 P
0 10 -24 P
0 10 -23 P
0 10 -22 P
0 10 -21 P
0 10 -20 P
0 10 -19 P
0 10 -18 P
0 10 -17 P
0 10 -16 P
0 10 -15 P
0 10 -14 P
0 10 -13 P
0 10 -12 P
0 10 -11 P
0 10 -10 P
0 10 -9 P
0 10 -8 P
0 10 -7 P
0 10 -6 P
0 10 -5 P
0 10 -4 P
0 10 -3 P
0 10 -2 P
0 10 -1 P
0 10 0 P
0 10 1 P
0 10 2 P
0 10 3 P
0 10 4 P
0 10 5 P
0 10 6 P
0 10 7 P
0 10 8 P
0 10 9 P
0 10 10 P
0 10 11 P
0 10 12 P
0 10 13 P
0 10 14 P
0 10 15 P
0 10 16 P
0 10 17 P
0 10 18 P
0 10 19 P
0 10 20 P
0 10 21 P
0 10 22 P
0 10 23 P
0 10 24 P
0 10 25 P
0 10 26 P
0 10 27 P
0 10 28 P
0 10 29 R
0 11 -29 P
0 11 -28 P
0 11 -27 P
0 11 -26 P
0 11 -25 P
0 11 -24 P
0 11 -23 P
0 11 -22 P
0 11 -21 P
0 11 -20 P
0 11 -19 P
0 11 -18 P
0 11 -17 P
0 11 -16 P
0 11 -15 P
0 11 -14 P
0 11 -13 P
0 11 -12 P
0 11 -11 P
0 11 -10 P
0 11 -9 P
0 11 -8 P
0 11 -7 P
0 11 -6 P
0 11 -5 P
0 11 -4 P
0 11 -3 P
0 11 -2 P
0 11 -1 P
0 11 0 P
0 11 1 P
0 11 2 P
0 11 3 P
0 11 4 P
0 11 5 P
0 11 6 P
0 11 7 P
0 11 8 P
0 11 9 P
0 11 10 P
0 11 11 P
0 11 12 P
0 11 13 P
0 11 14 P
0 11 15 P
0 11 16 P
0 11 17 P
0 11 18 P
0 11 19 P
0 11 20 P
0 11 21 P
0 11 22 P
0 11 23 P
0 11 24 P
0 11 25 P
0 11 26 P
0 11 27 P
0 12 -29 P
0 12 -28 P
0 12 -27 P
0 12 -26 P
0 12 -25 P
0 12 -24 P
0 12 -23 P
0 12 -22 P
0 12 -21 P
0 12 -20 P
0 12 -19 P
0 12 -18 P
0 12 -17 P
0 12 -16 P
0 12 -15 P
0 12 -14 P
0 12 -13 P
0 12 -12 P
0 12 -11 P
0 12 -10 P
0 12 -9 P
0 12 -8 P
0 12 -7 P
0 12 -6 P
0 12 -5 P
0 12 -4 P
0 12 -3 P
0 12 -2 P
0 12 -1 P
0 12 0 P
0 12 1 P
0 12 2 P
0 12 3 P
0 12 4 P
0 12 5 P
0 12 6 P
0 12 7 P
0 12 8 P
0 12 9 P
0 12 10 P
0 12 11 P
0 12 12 P
0 12 13 P
0 12 14 P
0 12 15 P
0 12 16 P
0 12 17 P
0 12 18 P
0 12 19 P
0 12 20 P
0 12 21 P
0 12 22 P
0 12 23 P
0 12 24 P
0 13 -29 P
0 13 -28 P
0 13 -27 P
0 13 -26 P
0 13 -25 P
0 13 -24 P
0 13 -23 P
0 13 -22 P
0 13 -21 P
0 13 -20 P
0 13 -19 P
0 13 -18 P
0 13 -17 P
0 13 -16 P
0 13 -15 P
0 13 -14 P
0 13 -13 P
0 13 -12 P
0 13 -11 P
0 13 -10 P
0 13 -9 P
0 13 -8 P
0 13 -7 P
0 13 -6 P
0 13 -5 P
0 13 -4 P
0 13 -3 P
0 13 -2 P
0 13 -1 P
0 13 0 P
0 13 1 P
0 13 2 P
0 13 3 P
0 13 4 P
0 13 5 P
0 13 6 P
0 13 7 P
0 13 8 P
0 13 9 P
0 13 10 P
0 13 11 P
0 13 12 P
0 13 13 P
0 13 14 P
0 13 15 P
0 13 16 P
0 13 17 P
0 14 -29 P
0 14 -28 P
0 14 -27 P
0 14 -26 P
0 14 -25 P
0 14 -24 P
0 14 -23 P
0 14 -22 P
0 14 -21 P
0 14 -20 P
0 14 -19 P
0 14 -18 P
0 14 -17 P
0 14 -16 P
0 14 -15 P
0 14 -14 P
0 14 -13 P
0 14 -12 P
0 14 -11 P
0 14 -10 P
0 14 -9 P
0 14 -8 P
0 14 -7 P
0 14 -6 P
0 14 -5 P
0 14 -4 P
0 14 -3 P
0 14 -2 P
0 14 -1 P
0 14 0 P
0 14 1 P
0 14 2 P
0 14 3 P
0 14 4 P
0 14 5 P
0 14 6 P
0 14 7 P
0 14 8 P
0 14 9 P
0 14 10 P
0 14 11 P
0 14 12 P
0 14 13 G
0 15 -29 P
0 15 -28 P
0 15 -27 P
0 15 -26 P
0 15 -25 P
0 15 -24 P
0 15 -23 P
0 15 -22 P
0 15 -21 P
0 15 -20 P
0 15 -19 P
0 15 -18 P
0 15 -17 P
0 15 -16 P
0 15 -15 P
0 15 -14 P
0 15 -13 P
0 15 -12 P
0 15 -11 P
0 15 -10 P
0 15 -9 P
0 15 -8 P
0 15 -7 P
0 15 -6 P
0 15 -5 P
0 15 -4 P
0 15 -3 P
0 15 -2 P
0 15 -1 P
0 15 0 P
0 15 1 P
0 15 2 P
0 15 3 P
0 15 4 P
0 15 5 P
0 15 6 P
0 15 7 P
0 15 8 P
0 15 9 P
0 15 10 P
0 15 11 G
0 15 12 G
0 16 -28 G
0 16 -27 P
0 16 -26 P
0 16 -25 P
0 16 -24 P
0 16 -23 P
0 16 -22 P
0 16 -21 P
0 16 -20 P
0 16 -19 P
0 16 -18 P
0 16 -17 P
0 16 -16 P
0 16 -15 P
0 16 -14 P
0 16 -13 P
0 16 -12 P
0 16 -11 P
0 16 -10 P
0 16 -9 P
0 16 -8 P
0 16 -7 P
0 16 -6 P
0 16 -5 P
0 16 -4 P
0 16 -3 P
0 16 -2 P
0 16 -1 P
0 16 0 P
0 16 1 P
0 16 2 P
0 16 3 P
0 16 4 P
0 16 5 P
0 16 6 P
0 16 7 P
0 16 8 P
0 16 9 P
0 16 10 G
0 17 -28 G
0 17 -27 P
0 17 -26 P
0 17 -25 P
0 17 -24 P
0 17 -23 P
0 17 -22 P
0 17 -21 P
0 17 -20 P
0 17 -19 P
0 17 -18 P
0 17 -17 P
0 17 -16 P
0 17 -15 P
0 17 -14 P
0 17 -13 P
0 17 -12 P
0 17 -11 P
0 17 -10 P
0 17 -9 P
0 17 -8 P
0 17 -7 P
0 17 -6 P
0 17 -5 P
0 17 -4 P
0 17 -3 P
0 17 -2 P
0 17 -1 P
0 17 0 P
0 17 1 P
0 17 2 P
0 17 3 P
0 17 4 P
0 17 5 P
0 17 6 P
0 17 7 P
0 17 8 G
0 17 9 G
0 18 -28 G
0 18 -27 P
0 18 -26 P
0 18 -25 P
0 18 -24 P
0 18 -23 P
0 18 -22 P
0 18 -21 P
0 18 -20 P
0 18 -19 P
0 18 -18 P
0 18 -17 P
0 18 -16 P
0 18 -15 P
0 18 -14 P
0 18 -13 P
0 18 -12 P
0 18 -11 P
0 18 -10 P
0 18 -9 P
0 18 -8 P
0 18 -7 P
0 18 -6 P
0 18 -5 P
0 18 -4 P
0 18 -3 P
0 18 -2 P
0 18 -1 P
0 18 0 P
0 18 1 P
0 18 2 P
0 18 3 P
0 18 4 P
0 18 5 P
0 18 6 P
0 18 7 G
0 19 -27 G
0 19 -26 G
0 19 -25 P
0 19 -24 P
0 19 -23 P
0 19 -22 P
0 19 -21 P
0 19 -20 P
0 19 -19 P
0 19 -18 P
0 19 -17 P
0 19 -16 P
0 19 -15 P
0 19 -14 P
0 19 -13 P
0 19 -12 P
0 19 -11 P
0 19 -10 P
0 19 -9 P
0 19 -8 P
0 19 -7 P
0 19 -6 P
0 19 -5 P
0 19 -4 P
0 19 -3 P
0 19 -2 P
0 19 -1 P
0 19 0 P
0 19 1 P
0 19 2 P
0 19 3 P
0 19 4 P
0 19 5 P
0 19 6 G
0 20 -25 G
0 20 -24 G
0 20 -23 P
0 20 -22 P
0 20 -21 P
0 20 -20 P
0 20 -19 P
0 20 -18 P
0 20 -17 P
0 20 -16 P
0 20 -15 P
0 20 -14 P
0 20 -13 P
0 20 -12 P
0 20 -11 P
0 20 -10 P
0 20 -9 P
0 20 -8 P
0 20 -7 P
0 20 -6 P
0 20 -5 P
0 20 -4 P
0 20 -3 P
0 20 -2 P
0 20 -1 P
0 20 0 P
0 20 1 P
0 20 2 P
0 20 3 P
0 20 4 P
0 20 5 P
1 5 -26 P
1 5 -25 P
1 5 -24 P
1 5 -23 P
1 5 -22 P
1 5 -21 P
1 5 -20 P
1 5 -19 P
1 5 -18 P
1 5 -17 P
1 5 -16 P
1 5 -15 P
1 5 -14 P
1 5 -13 P
1 5 -12 P
1 5 -11 P
1 5 -10 P
1 5 -9 P
1 5 -8 P
1 5 -7 P
1 5 -6 P
1 5 -5 P
1 5 -4 P
1 5 -3 P
1 5 -2 P
1 5 -1 P
1 5 0 P
1 5 1 P
1 5 2 P
1 5 3 P
1 5 4 P
1 5 5 P
1 5 6 P
1 5 7 P
1 5 8 P
1 5 9 P
1 5 10 P
1 5 11 P
1 5 12 P
1 5 13 P
1 5 14 P
1 5 15 P
1 5 16 P
1 5 17 P
1 5 18 P
1 5 19 P
1 5 20 P
1 5 21 P
1 5 22 P
1 5 23 P
1 5 24 P
1 5 25 P
1 5 26 P
1 5 27 P
1 5 28 P
1 6 -29 B
1 6 -28 B
1 6 -27 B
1 6 -26 P
1 6 -25 P
1 6 -24 P
1 6 -23 P
1 6 -22 P
1 6 -21 P
1 6 -20 P
1 6 -19 P
1 6 -18 P
1 6 -17 P
1 6 -16 P
1 6 -15 P
1 6 -14 P
1 6 -13 P
1 6 -12 P
1 6 -11 P
1 6 -10 P
1 6 -9 P
1 6 -8 P
1 6 -7 P
1 6 -6 P
1 6 -5 P
1 6 -4 P
1 6 -3 P
1 6 -2 P
1 6 -1 P
1 6 0 P
1 6 1 P
1 6 2 P
1 6 3 P
1 6 4 P
1 6 5 P
1 6 6 P
1 6 7 P
1 6 8 P
1 6 9 P
1 6 10 P
1 6 11 P
1 6 12 P
1 6 13 P
1 6 14 P
1 6 15 P
1 6 16 P
1 6 17 P
1 6 18 P
1 6 19 P
1 6 20 P
1 6 21 P
1 6 22 P
1 6 23 P
1 6 24 P
1 6 25 P
1 6 26 P
1 6 27 P
1 6 28 P
1 6 29 B
1 7 -29 B
1 7 -28 P
1 7 -27 P
1 7 -26 P
1 7 -25 P
1 7 -24 P
1 7 -23 P
1 7 -22 P
1 7 -21 P
1 7 -20 P
1 7 -19 P
1 7 -18 P
1 7 -17 P
1 7 -16 P
1 7 -15 P
1 7 -14 P
1 7 -13 P
1 7 -12 P
1 7 -11 P
1 7 -10 P
1 7 -9 P
1 7 -8 P
1 7 -7 P
1 7 -6 P
1 7 -5 P
1 7 -4 P
1 7 -3 P
1 7 -2 P
1 7 -1 P
1 7 0 P
1 7 1 P
1 7 2 P
1 7 3 P
1 7 4 P
1 7 5 P
1 7 6 P
1 7 7 P
1 7 8 P
1 7 9 P
1 7 10 P
1 7 11 P
1 7 12 P
1 7 13 P
1 7 14 P
1 7 15 P
1 7 16 P
1 7 17 P
1 7 18 P
1 7 19 P
1 7 20 P
1 7 21 P
1 7 22 P
1 7 23 P
1 7 24 P
1 7 25 P
1 7 26 P
1 7 27 P
1 7 28 P
1 7 29 B
1 8 -29 B
1 8 -28 P
1 8 -27 P
1 8 -26 P
1 8 -25 P
1 8 -24 P
1 8 -23 P
1 8 -22 P
1 8 -21 P
1 8 -20 P
1 8 -19 P
1 8 -18 P
1 8 -17 P
1 8 -16 P
1 8 -15 P
1 8 -14 P
1 8 -13 P
1 8 -12 P
1 8 -11 P
1 8 -10 P
1 8 -9 P
1 8 -8 P
1 8 -7 P
1 8 -6 P
1 8 -5 P
1 8 -4 P
1 8 -3 P
1 8 -2 P
1 8 -1 P
1 8 0 P
1 8 1 P
1 8 2 P
1 8 3 P
1 8 4 P
1 8 5 P
1 8 6 P
1 8 7 P
1 8 8 P
1 8 9 P
1 8 10 P
1 8 11 P
1 8 12 P
1 8 13 P
1 8 14 P
1 8 15 P
1 8 16 P
1 8 17 P
1 8 18 P
1 8 19 P
1 8 20 P
1 8 21 P
1 8 22 P
1 8 23 P
1 8 24 P
1 8 25 P
1 8 26 P
1 8 27 P
1 8 28 P
1 8 29 B
1 9 -29 P
1 9 -28 P
1 9 -27 P
1 9 -26 P
1 9 -25 P
1 9 -24 P
1 9 -23 P
1 9 -22 P
1 9 -21 P
1 9 -20 P
1 9 -19 P
1 9 -18 P
1 9 -17 P
1 9 -16 P
1 9 -15 P
1 9 -14 P
1 9 -13 P
1 9 -12 P
1 9 -11 P
1 9 -10 P
1 9 -9 P
1 9 -8 P
1 9 -7 P
1 9 -6 P
1 9 -5 P
1 9 -4 P
1 9 -3 P
1 9 -2 P
1 9 -1 P
1 9 0 P
1 9 1 P
1 9 2 P
1 9 3 P
1 9 4 P
1 9 5 P
1 9 6 P
1 9 7 P
1 9 8 P
1 9 9 P
1 9 10 P
1 9 11 P
1 9 12 P
1 9 13 P
1 9 14 P
1 9 15 P
1 9 16 P
1 9 17 P
1 9 18 P
1 9 19 P
1 9 20 P
1 9 21 P
1 9 22 P
1 9 23 P
1 9 24 P
1 9 25 P
1 9 26 P
1 9 27 P
1 9 28 P
1 9 29 P
1 10 -29 L
1 10 -28 P
1 10 -27 P
1 10 -26 P
1 10 -25 P
1 10 -24 P
1 10 -23 P
1 10 -22 P
1 10 -21 P
1 10 -20 P
1 10 -19 P
1 10 -18 P
1 10 -17 P
1 10 -16 P
1 10 -15 P
1 10 -14 P
1 10 -13 P
1 10 -12 P
1 10 -11 P
1 10 -10 P
1 10 -9 P
1 10 -8 P
1 10 -7 P
1 10 -6 P
1 10 -5 P
1 10 -4 P
1 10 -3 P
1 10 -2 P
1 10 -1 P
1 10 0 P
1 10 1 P
1 10 2 P
1 10 3 P
1 10 4 P
1 10 5 P
1 10 6 P
1 10 7 P
1 10 8 P
1 10 9 P
1 10 10 P
1 10 11 P
1 10 12 P
1 10 13 P
1 10 14 P
1 10 15 P
1 10 16 P
1 10 17 P
1 10 18 P
1 10 19 P
1 10 20 P
1 10 21 P
1 10 22 P
1 10 23 P
1 10 24 P
1 10 25 P
1 10 26 P
1 10 27 P
1 10 28 P
1 10 29 R
1 11 -29 P
1 11 -28 P
1 11 -27 P
1 11 -26 P
1 11 -25 P
1 11 -24 P
1 11 -23 P
1 11 -22 P
1 11 -21 P
1 11 -20 P
1 11 -19 P
1 11 -18 P
1 11 -17 P
1 11 -16 P
1 11 -15 P
1 11 -14 P
1 11 -13 P
1 11 -12 P
1 11 -11 P
1 11 -10 P
1 11 -9 P
1 11 -8 P
1 11 -7 P
1 11 -6 P
1 11 -5 P
1 11 -4 P
1 11 -3 P
1 11 -2 P
1 11 -1 P
1 11 0 P
1 11 1 P
1 11 2 P
1 11 3 P
1 11 4 P
1 11 5 P
1 11 6 P
1 11 7 P
1 11 8 P
1 11 9 P
1 11 10 P
1 11 11 P
1 11 12 P
1 11 13 P
1 11 14 P
1 11 15 P
1 11 16 P
1 11 17 P
1 11 18 P
1 11 19 P
1 11 20 P
1 11 21 P
1 11 22 P
1 11 23 P
1 11 24 P
1 11 25 P
1 11 26 P
1 11 27 P
1 12 -29 P
1 12 -28 P
1 12 -27 P
1 12 -26 P
1 12 -25 P
1 12 -24 P
1 12 -23 P
1 12 -22 P
1 12 -21 P
1 12 -20 P
1 12 -19 P
1 12 -18 P
1 12 -17 P
1 12 -16 P
1 12 -15 P
1 12 -14 P
1 12 -13 P
1 12 -12 P
1 12 -11 P
1 12 -10 P
1 12 -9 P
1 12 -8 P
1 12 -7 P
1 12 -6 P
1 12 -5 P
1 12 -4 P
1 12 -3 P
1 12 -2 P
1 12 -1 P
1 12 0 P
1 12 1 P
1 12 2 P
1 12 3 P
1 12 4 P
1 12 5 P
1 12 6 P
1 12 7 P
1 12 8 P
1 12 9 P
1 12 10 P
1 12 11 P
1 12 12 P
1 12 13 P
1 12 14 P
1 12 15 P
1 12 16 P
1 12 17 P
1 12 18 P
1 12 19 P
1 12 20 P
1 12 21 P
1 12 22 P
1 12 23 P
1 12 24 P
1 13 -29 P
1 13 -28 P
1 13 -27 P
1 13 -26 P
1 13 -25 P
1 13 -24 P
1 13 -23 P
1 13 -22 P
1 13 -21 P
1 13 -20 P
1 13 -19 P
1 13 -18 P
1 13 -17 P
1 13 -16 P
1 13 -15 P
1 13 -14 P
1 13 -13 P
1 13 -12 P
1 13 -11 P
1 13 -10 P
1 13 -9 P
1 13 -8 P
1 13 -7 P
1 13 -6 P
1 13 -5 P
1 13 -4 P
1 13 -3 P
1 13 -2 P
1 13 -1 P
1 13 0 P
1 13 1 P
1 13 2 P
1 13 3 P
1 13 4 P
1 13 5 P
1 13 6 P
1 13 7 P
1 13 8 P
1 13 9 P
1 13 10 P
1 13 11 P
1 13 12 P
1 13 13 P
1 13 14 P
1 13 15 P
1 13 16 P
1 13 17 P
1 14 -29 P
1 14 -28 P
1 14 -27 P
1 14 -26 P
1 14 -25 P
1 14 -24 P
1 14 -23 P
1 14 -22 P
1 14 -21 P
1 14 -20 P
1 14 -19 P
1 14 -18 P
1 14 -17 P
1 14 -16 P
1 14 -15 P
1 14 -14 P
1 14 -13 P
1 14 -12 P
1 14 -11 P
1 14 -10 P
1 14 -9 P
1 14 -8 P
1 14 -7 P
1 14 -6 P
1 14 -5 P
1 14 -4 P
1 14 -3 P
1 14 -2 P
1 14 -1 P
1 14 0 P
1 14 1 P
1 14 2 P
1 14 3 P
1 14 4 P
1 14 5 P
1 14 6 P
1 14 7 P
1 14 8 P
1 14 9 P
1 14 10 P
1 14 11 P
1 14 12 P
1 14 13 G
1 15 -29 P
1 15 -28 P
1 15 -27 P
1 15 -26 P
1 15 -25 P
1 15 -24 P
1 15 -23 P
1 15 -22 P
1 15 -21 P
1 15 -20 P
1 15 -19 P
1 15 -18 P
1 15 -17 P
1 15 -16 P
1 15 -15 P
1 15 -14 P
1 15 -13 P
1 15 -12 P
1 15 -11 P
1 15 -10 P
1 15 -9 P
1 15 -8 P
1 15 -7 P
1 15 -6 P
1 15 -5 P
1 15 -4 P
1 15 -3 P
1 15 -2 P
1 15 -1 P
1 15 0 P
1 15 1 P
1 15 2 P
1 15 3 P
1 15 4 P
1 15 5 P
1 15 6 P
1 15 7 P
1 15 8 P
1 15 9 P
1 15 10 P
1 15 11 G
1 15 12 G
1 16 -28 G
1 16 -27 P
1 16 -26 P
1 16 -25 P
1 16 -24 P
1 16 -23 P
1 16 -22 P
1 16 -21 P
1 16 -20 P
1 16 -19 P
1 16 -18 P
1 16 -17 P
1 16 -16 P
1 16 -15 P
1 16 -14 P
1 16 -13 P
1 16 -12 P
1 16 -11 P
1 16 -10 P
1 16 -9 P
1 16 -8 P
1 16 -7 P
1 16 -6 P
1 16 -5 P
1 16 -4 P
1 16 -3 P
1 16 -2 P
1 16 -1 P
1 16 0 P
1 16 1 P
1 16 2 P
1 16 3 P
1 16 4 P
1 16 5 P
1 16 6 P
1 16 7 P
1 16 8 P
1 16 9 P
1 16 10 G
1 17 -28 G
1 17 -27 P
1 17 -26 P
1 17 -25 P
1 17 -24 P
1 17 -23 P
1 17 -22 P
1 17 -21 P
1 17 -20 P
1 17 -19 P
1 17 -18 P
1 17 -17 P
1 17 -16 P
1 17 -15 P
1 17 -14 P
1 17 -13 P
1 17 -12 P
1 17 -11 P
1 17 -10 P
1 17 -9 P
1 17 -8 P
1 17 -7 P
1 17 -6 P
1 17 -5 P
1 17 -4 P
1 17 -3 P
1 17 -2 P
1 17 -1 P
1 17 0 P
1 17 1 P
1 17 2 P
1 17 3 P
1 17 4 P
1 17 5 P
1 17 6 P
1 17 7 P
1 17 8 G
1 17 9 G
1 18 -28 G
1 18 -27 P
1 18 -26 P
1 18 -25 P
1 18 -24 P
1 18 -23 P
1 18 -22 P
1 18 -21 P
1 18 -20 P
1 18 -19 P
1 18 -18 P
1 18 -17 P
1 18 -16 P
1 18 -15 P
1 18 -14 P
1 18 -13 P
1 18 -12 P
1 18 -11 P
1 18 -10 P
1 18 -9 P
1 18 -8 P
1 18 -7 P
1 18 -6 P
1 18 -5 P
1 18 -4 P
1 18 -3 P
1 18 -2 P
1 18 -1 P
1 18 0 P
1 18 1 P
1 18 2 P
1 18 3 P
1 18 4 P
1 18 5 P
1 18 6 P
1 18 7 G
1 19 -27 G
1 19 -26 G
1 19 -25 P
1 19 -24 P
1 19 -23 P
1 19 -22 P
1 19 -21 P
1 19 -20 P
1 19 -19 P
1 19 -18 P
1 19 -17 P
1 19 -16 P
1 19 -15 P
1 19 -14 P
1 19 -13 P
1 19 -12 P
1 19 -11 P
1 19 -10 P
1 19 -9 P
1 19 -8 P
1 19 -7 P
1 19 -6 P
1 19 -5 P
1 19 -4 P
1 19 -3 P
1 19 -2 P
1 19 -1 P
1 19 0 P
1 19 1 P
1 19 2 P
1 19 3 P
1 19 4 P
1 19 5 P
1 19 6 G
1 20 -25 G
1 20 -24 G
1 20 -23 P
1 20 -22 P
1 20 -21 P
1 20 -20 P
1 20 -19 P
1 20 -18 P
1 20 -17 P
1 20 -16 P
1 20 -15 P
1 20 -14 P
1 20 -13 P
1 20 -12 P
1 20 -11 P
1 20 -10 P
1 20 -9 P
1 20 -8 P
1 20 -7 P
1 20 -6 P
1 20 -5 P
1 20 -4 P
1 20 -3 P
1 20 -2 P
1 20 -1 P
1 20 0 P
1 20 1 P
1 20 2 P
1 20 3 P
1 20 4 P
1 20 5 P
2 5 -26 P
2 5 -25 P
2 5 -24 P
2 5 -23 P
2 5 -22 P
2 5 -21 P
2 5 -20 P
2 5 -19 P
2 5 -18 P
2 5 -17 P
2 5 -16 P
2 5 -15 P
2 5 -14 P
2 5 -13 P
2 5 -12 P
2 5 -11 P
2 5 -10 P
2 5 -9 P
2 5 -8 P
2 5 -7 P
2 5 -6 P
2 5 -5 P
2 5 -4 P
2 5 -3 P
2 5 -2 P
2 5 -1 P
2 5 0 P
2 5 1 P
2 5 2 P
2 5 3 P
2 5 4 P
2 5 5 P
2 5 6 P
2 5 7 P
2 5 8 P
2 5 9 P
2 5 10 P
2 5 11 P
2 5 12 P
2 5 13 P
2 5 14 P
2 5 15 P
2 5 16 P
2 5 17 P
2 5 18 P
2 5 19 P
2 5 20 P
2 5 21 P
2 5 22 P
2 5 23 P
2 5 24 P
2 5 25 P
2 5 26 P
2 5 27 P
2 5 28 P
2 6 -29 B
2 6 -28 B
2 6 -27 B
2 6 -26 P
2 6 -25 P
2 6 -24 P
2 6 -23 P
2 6 -22 P
2 6 -21 P
2 6 -20 P
2 6 -19 P
2 6 -18 P
2 6 -17 P
2 6 -16 P
2 6 -15 P
2 6 -14 P
2 6 -13 P
2 6 -12 P
2 6 -11 P
2 6 -10 P
2 6 -9 P
2 6 -8 P
2 6 -7 P
2 6 -6 P
2 6 -5 P
2 6 -4 P
2 6 -3 P
2 6 -2 P
2 6 -1 P
2 6 0 P
2 6 1 P
2 6 2 P
2 6 3 P
2 6 4 P
2 6 5 P
2 6 6 P
2 6 7 P
2 6 8 P
2 6 9 P
2 6 10 P
2 6 11 P
2 6 12 P
2 6 13 P
2 6 14 P
2 6 15 P
2 6 16 P
2 6 17 P
2 6 18 P
2 6 19 P
2 6 20 P
2 6 21 P
2 6 22 P
2 6 23 P
2 6 24 P
2 6 25 P
2 6 26 P
2 6 27 P
2 6 28 P
2 6 29 B
2 7 -29 B
2 7 -28 P
2 7 -27 P
2 7 -26 P
2 7 -25 P
2 7 -24 P
2 7 -23 P
2 7 -22 P
2 7 -21 P
2 7 -20 P
2 7 -19 P
2 7 -18 P
2 7 -17 P
2 7 -16 P
2 7 -15 P
2 7 -14 P
2 7 -13 P
2 7 -12 P
2 7 -11 P
2 7 -10 P
2 7 -9 P
2 7 -8 P
2 7 -7 P
2 7 -6 P
2 7 -5 P
2 7 -4 P
2 7 -3 P
2 7 -2 P
2 7 -1 P
2 7 0 P
2 7 1 P
2 7 2 P
2 7 3 P
2 7 4 P
2 7 5 P
2 7 6 P
2 7 7 P
2 7 8 P
2 7 9 P
2 7 10 P
2 7 11 P
2 7 12 P
2 7 13 P
2 7 14 P
2 7 15 P
2 7 16 P
2 7 17 P
2 7 18 P
2 7 19 P
2 7 20 P
2 7 21 P
2 7 22 P
2 7 23 P
2 7 24 P
2 7 25 P
2 7 26 P
2 7 27 P
2 7 28 P
2 7 29 B
2 8 -29 B
2 8 -28 P
2 8 -27 P
2 8 -26 P
2 8 -25 P
2 8 -24 P
2 8 -23 P
2 8 -22 P
2 8 -21 P
2 8 -20 P
2 8 -19 P
2 8 -18 P
2 8 -17 P
2 8 -16 P
2 8 -15 P
2 8 -14 P
2 8 -13 P
2 8 -12 P
2 8 -11 P
2 8 -10 P
2 8 -9 P
2 8 -8 P
2 8 -7 P
2 8 -6 P
2 8 -5 P
2 8 -4 P
2 8 -3 P
2 8 -2 P
2 8 -1 P
2 8 0 P
2 8 1 P
2 8 2 P
2 8 3 P
2 8 4 P
2 8 5 P
2 8 6 P
2 8 7 P
2 8 8 P
2 8 9 P
2 8 10 P
2 8 11 P
2 8 12 P
2 8 13 P
2 8 14 P
2 8 15 P
2 8 16 P
2 8 17 P
2 8 18 P
2 8 19 P
2 8 20 P
2 8 21 P
2 8 22 P
2 8 23 P
2 8 24 P
2 8 25 P
2 8 26 P
2 8 27 P
2 8 28 P
2 8 29 B
2 9 -29 P
2 9 -28 P
2 9 -27 P
2 9 -26 P
2 9 -25 P
2 9 -24 P
2 9 -23 P
2 9 -22 P
2 9 -21 P
2 9 -20 P
2 9 -19 P
2 9 -18 P
2 9 -17 P
2 9 -16 P
2 9 -15 P
2 9 -14 P
2 9 -13 P
2 9 -12 P
2 9 -11 P
2 9 -10 P
2 9 -9 P
2 9 -8 P
2 9 -7 P
2 9 -6 P
2 9 -5 P
2 9 -4 P
2 9 -3 P
2 9 -2 P
2 9 -1 P
2 9 0 P
2 9 1 P
2 9 2 P
2 9 3 P
2 9 4 P
2 9 5 P
2 9 6 P
2 9 7 P
2 9 8 P
2 9 9 P
2 9 10 P
2 9 11 P
2 9 12 P
2 9 13 P
2 9 14 P
2 9 15 P
2 9 16 P
2 9 17 P
2 9 18 P
2 9 19 P
2 9 20 P
2 9 21 P
2 9 22 P
2 9 23 P
2 9 24 P
2 9 25 P
2 9 26 P
2 9 27 P
2 9 28 P
2 9 29 P
2 10 -29 L
2 10 -28 P
2 10 -27 P
2 10 -26 P
2 10 -25 P
2 10 -24 P
2 10 -23 P
2 10 -22 P
2 10 -21 P
2 10 -20 P
2 10 -19 P
2 10 -18 P
2 10 -17 P
2 10 -16 P
2 10 -15 P
2 10 -14 P
2 10 -13 P
2 10 -12 P
2 10 -11 P
2 10 -10 P
2 10 -9 P
2 10 -8 P
2 10 -7 P
2 10 -6 P
2 10 -5 P
2 10 -4 P
2 10 -3 P
2 10 -2 P
2 10 -1 P
2 10 0 P
2 10 1 P
2 10 2 P
2 10 3 P
2 10 4 P
2 10 5 P
2 10 6 P
2 10 7 P
2 10 8 P
2 10 9 P
2 10 10 P
2 10 11 P
2 10 12 P
2 10 13 P
2 10 14 P
2 10 15 P
2 10 16 P
2 10 17 P
2 10 18 P
2 10 19 P
2 10 20 P
2 10 21 P
2 10 22 P
2 10 23 P
2 10 24 P
2 10 25 P
2 10 26 P
2 10 27 P
2 10 28 P
2 10 29 R
2 11 -29 P
2 11 -28 P
2 11 -27 P
2 11 -26 P
2 11 -25 P
2 11 -24 P
2 11 -23 P
2 11 -22 P
2 11 -21 P
2 11 -20 P
2 11 -19 P
2 11 -18 P
2 11 -17 P
2 11 -16 P
2 11 -15 P
2 11 -14 P
2 11 -13 P
2 11 -12 P
2 11 -11 P
2 11 -10 P
2 11 -9 P
2 11 -8 P
2 11 -7 P
2 11 -6 P
2 11 -5 P
2 11 -4 P
2 11 -3 P
2 11 -2 P
2 11 -1 P
2 11 0 P
2 11 1 P
2 11 2 P
2 11 3 P
2 11 4 P
2 11 5 P
2 11 6 P
2 11 7 P
2 11 8 P
2 11 9 P
2 11 10 P
2 11 11 P
2 11 12 P
2 11 13 P
2 11 14 P
2 11 15 P
2 11 16 P
2 11 17 P
2 11 18 P
2 11 19 P
2 11 20 P
2 11 21 P
2 11 22 P
2 11 23 P
2 11 24 P
2 11 25 P
2 11 26 P
2 11 27 P
2 12 -29 P
2 12 -28 P
2 12 -27 P
2 12 -26 P
2 12 -25 P
2 12 -24 P
2 12 -23 P
2 12 -22 P
2 12 -21 P
2 12 -20 P
2 12 -19 P
2 12 -18 P
2 12 -17 P
2 12 -16 P
2 12 -15 P
2 12 -14 P
2 12 -13 P
2 12 -12 P
2 12 -11 P
2 12 -10 P
2 12 -9 P
2 12 -8 P
2 12 -7 P
2 12 -6 P
2 12 -5 P
2 12 -4 P
2 12 -3 P
2 12 -2 P
2 12 -1 P
2 12 0 P
2 12 1 P
2 12 2 P
2 12 3 P
2 12 4 P
2 12 5 P
2 12 6 P
2 12 7 P
2 12 8 P
2 12 9 P
2 12 10 P
2 12 11 P
2 12 12 P
2 12 13 P
2 12 14 P
2 12 15 P
2 12 16 P
2 12 17 P
2 12 18 P
2 12 19 P
2 12 20 P
2 12 21 P
2 12 22 P
2 12 23 P
2 12 24 P
2 13 -29 P
2 13 -28 P
2 13 -27 P
2 13 -26 P
2 13 -25 P
2 13 -24 P
2 13 -23 P
2 13 -22 P
2 13 -21 P
2 13 -20 P
2 13 -19 P
2 13 -18 P
2 13 -17 P
2 13 -16 P
2 13 -15 P
2 13 -14 P
2 13 -13 P
2 13 -12 P
2 13 -11 P
2 13 -10 P
2 13 -9 P
2 13 -8 P
2 13 -7 P
2 13 -6 P
2 13 -5 P
2 13 -4 P
2 13 -3 P
2 13 -2 P
2 13 -1 P
2 13 0 P
2 13 1 P
2 13 2 P
2 13 3 P
2 13 4 P
2 13 5 P
2 13 6 P
2 13 7 P
2 13 8 P
2 13 9 P
2 13 10 P
2 13 11 P
2 13 12 P
2 13 13 P
2 13 14 P
2 13 15 P
2 13 16 P
2 13 17 P
2 14 -29 P
2 14 -28 P
2 14 -27 P
2 14 -26 P
2 14 -25 P
2 14 -24 P
2 14 -23 P
2 14 -22 P
2 14 -21 P
2 14 -20 P
2 14 -19 P
2 14 -18 P
2 14 -17 P
2 14 -16 P
2 14 -15 P
2 14 -14 P
2 14 -13 P
2 14 -12 P
2 14 -11 P
2 14 -10 P
2 14 -9 P
2 14 -8 P
2 14 -7 P
2 14 -6 P
2 14 -5 P
2 14 -4 P
2 14 -3 P
2 14 -2 P
2 14 -1 P
2 14 0 P
2 14 1 P
2 14 2 P
2 14 3 P
2 14 4 P
2 14 5 P
2 14 6 P
2 14 7 P
2 14 8 P
2 14 9 P
2 14 10 P
2 14 11 P
2 14 12 P
2 14 13 G
2 15 -29 P
2 15 -28 P
2 15 -27 P
2 15 -26 P
2 15 -25 P
2 15 -24 P
2 15 -23 P
2 15 -22 P
2 15 -21 P
2 15 -20 P
2 15 -19 P
2 15 -18 P
2 15 -17 P
2 15 -16 P
2 15 -15 P
2 15 -14 P
2 15 -13 P
2 15 -12 P
2 15 -11 P
2 15 -10 P
2 15 -9 P
2 15 -8 P
2 15 -7 P
2 15 -6 P
2 15 -5 P
2 15 -4 P
2 15 -3 P
2 15 -2 P
2 15 -1 P
2 15 0 P
2 15 1 P
2 15 2 P
2 15 3 P
2 15 4 P
2 15 5 P
2 15 6 P
2 15 7 P
2 15 8 P
2 15 9 P
2 15 10 P
2 15 11 G
2 15 12 G
2 16 -28 G
2 16 -27 P
2 16 -26 P
2 16 -25 P
2 16 -24 P
2 16 -23 P
2 16 -22 P
2 16 -21 P
2 16 -20 P
2 16 -19 P
2 16 -18 P
2 16 -17 P
2 16 -16 P
2 16 -15 P
2 16 -14 P
2 16 -13 P
2 16 -12 P
2 16 -11 P
2 16 -10 P
2 16 -9 P
2 16 -8 P
2 16 -7 P
2 16 -6 P
2 16 -5 P
2 16 -4 P
2 16 -3 P
2 16 -2 P
2 16 -1 P
2 16 0 P
2 16 1 P
2 16 2 P
2 16 3 P
2 16 4 P
2 16 5 P
2 16 6 P
2 16 7 P
2 16 8 P
2 16 9 P
2 16 10 G
2 17 -28 G
2 17 -27 P
2 17 -26 P
2 17 -25 P
2 17 -24 P
2 17 -23 P
2 17 -22 P
2 17 -21 P
2 17 -20 P
2 17 -19 P
2 17 -18 P
2 17 -17 P
2 17 -16 P
2 17 -15 P
2 17 -14 P
2 17 -13 P
2 17 -12 P
2 17 -11 P
2 17 -10 P
2 17 -9 P
2 17 -8 P
2 17 -7 P
2 17 -6 P
2 17 -5 P
2 17 -4 P
2 17 -3 P
2 17 -2 P
2 17 -1 P
2 17 0 P
2 17 1 P
2 17 2 P
2 17 3 P
2 17 4 P
2 17 5 P
2 17 6 P
2 17 7 P
2 17 8 G
2 17 9 G
2 18 -28 G
2 18 -27 P
2 18 -26 P
2 18 -25 P
2 18 -24 P
2 18 -23 P
2 18 -22 P
2 18 -21 P
2 18 -20 P
2 18 -19 P
2 18 -18 P
2 18 -17 P
2 18 -16 P
2 18 -15 P
2 18 -14 P
2 18 -13 P
2 18 -12 P
2 18 -11 P
2 18 -10 P
2 18 -9 P
2 18 -8 P
2 18 -7 P
2 18 -6 P
2 18 -5 P
2 18 -4 P
2 18 -3 P
2 18 -2 P
2 18 -1 P
2 18 0 P
2 18 1 P
2 18 2 P
2 18 3 P
2 18 4 P
2 18 5 P
2 18 6 P
2 18 7 G
2 19 -27 G
2 19 -26 G
2 19 -25 P
2 19 -24 P
2 19 -23 P
2 19 -22 P
2 19 -21 P
2 19 -20 P
2 19 -19 P
2 19 -18 P
2 19 -17 P
2 19 -16 P
2 19 -15 P
2 19 -14 P
2 19 -13 P
2 19 -12 P
2 19 -11 P
2 19 -10 P
2 19 -9 P
2 19 -8 P
2 19 -7 P
2 19 -6 P
2 19 -5 P
2 19 -4 P
2 19 -3 P
2 19 -2 P
2 19 -1 P
2 19 0 P
2 19 1 P
2 19 2 P
2 19 3 P
2 19 4 P
2 19 5 P
2 19 6 G
2 20 -25 G
2 20 -24 G
2 20 -23 P
2 20 -22 P
2 20 -21 P
2 20 -20 P
2 20 -19 P
2 20 -18 P
2 20 -17 P
2 20 -16 P
2 20 -15 P
2 20 -14 P
2 20 -13 P
2 20 -12 P
2 20 -11 P
2 20 -10 P
2 20 -9 P
2 20 -8 P
2 20 -7 P
2 20 -6 P
2 20 -5 P
2 20 -4 P
2 20 -3 P
2 20 -2 P
2 20 -1 P
2 20 0 P
2 20 1 P
2 20 2 P
2 20 3 P
2 20 4 P
2 20 5 P
3 5 -26 P
3 5 -25 P
3 5 -24 P
3 5 -23 P
3 5 -22 P
3 5 -21 P
3 5 -20 P
3 5 -19 P
3 5 -18 P
3 5 -17 P
3 5 -16 P
3 5 -15 P
3 5 -14 P
3 5 -13 P
3 5 -12 P
3 5 -11 P
3 5 -10 P
3 5 -9 P
3 5 -8 P
3 5 -7 P
3 5 -6 P
3 5 -5 P
3 5 -4 P
3 5 -3 P
3 5 -2 P
3 5 -1 P
3 5 0 P
3 5 1 P
3 5 2 P
3 5 3 P
3 5 4 P
3 5 5 P
3 5 6 P
3 5 7 P
3 5 8 P
3 5 9 P
3 5 10 P
3 5 11 P
3 5 12 P
3 5 13 P
3 5 14 P
3 5 15 P
3 5 16 P
3 5 17 P
3 5 18 P
3 5 19 P
3 5 20 P
3 5 21 P
3 5 22 P
3 5 23 P
3 5 24 P
3 5 25 P
3 5 26 P
3 5 27 P
3 5 28 P
3 6 -29 B
3 6 -28 B
3 6 -27 B
3 6 -26 P
3 6 -25 P
3 6 -24 P
3 6 -23 P
3 6 -22 P
3 6 -21 P
3 6 -20 P
3 6 -19 P
3 6 -18 P
3 6 -17 P
3 6 -16 P
3 6 -15 P
3 6 -14 P
3 6 -13 P
3 6 -12 P
3 6 -11 P
3 6 -10 P
3 6 -9 P
3 6 -8 P
3 6 -7 P
3 6 -6 P
3 6 -5 P
3 6 -4 P
3 6 -3 P
3 6 -2 P
3 6 -1 P
3 6 0 P
3 6 1 P
3 6 2 P
3 6 3 P
3 6 4 P
3 6 5 P
3 6 6 P
3 6 7 P
3 6 8 P
3 6 9 P
3 6 10 P
3 6 11 P
3 6 12 P
3 6 13 P
3 6 14 P
3 6 15 P
3 6 16 P
3 6 17 P
3 6 18 P
3 6 19 P
3 6 20 P
3 6 21 P
3 6 22 P
3 6 23 P
3 6 24 P
3 6 25 P
3 6 26 P
3 6 27 P
3 6 28 P
3 6 29 B
3 7 -29 B
3 7 -28 P
3 7 -27 P
3 7 -26 P
3 7 -25 P
3 7 -24 P
3 7 -23 P
3 7 -22 P
3 7 -21 P
3 7 -20 P
3 7 -19 P
3 7 -18 P
3 7 -17 P
3 7 -16 P
3 7 -15 P
3 7 -14 P
3 7 -13 P
3 7 -12 P
3 7 -11 P
3 7 -10 P
3 7 -9 P
3 7 -8 P
3 7 -7 P
3 7 -6 P
3 7 -5 P
3 7 -4 P
3 7 -3 P
3 7 -2 P
3 7 -1 P
3 7 0 P
3 7 1 P
3 7 2 P
3 7 3 P
3 7 4 P
3 7 5 P
3 7 6 P
3 7 7 P
3 7 8 P
3 7 9 P
3 7 10 P
3 7 11 P
3 7 12 P
3 7 13 P
3 7 14 P
3 7 15 P
3 7 16 P
3 7 17 P
3 7 18 P
3 7 19 P
3 7 20 P
3 7 21 P
3 7 22 P
3 7 23 P
3 7 24 P
3 7 25 P
3 7 26 P
3 7 27 P
3 7 28 P
3 7 29 B
3 8 -29 B
3 8 -28 P
3 8 -27 P
3 8 -26 P
3 8 -25 P
3 8 -24 P
3 8 -23 P
3 8 -22 P
3 8 -21 P
3 8 -20 P
3 8 -19 P
3 8 -18 P
3 8 -17 P
3 8 -16 P
3 8 -15 P
3 8 -14 P
3 8 -13 P
3 8 -12 P
3 8 -11 P
3 8 -10 P
3 8 -9 P
3 8 -8 P
3 8 -7 P
3 8 -6 P
3 8 -5 P
3 8 -4 P
3 8 -3 P
3 8 -2 P
3 8 -1 P
3 8 0 P
3 8 1 P
3 8 2 P
3 8 3 P
3 8 4 P
3 8 5 P
3 8 6 P
3 8 7 P
3 8 8 P
3 8 9 P
3 8 10 P
3 8 11 P
3 8 12 P
3 8 13 P
3 8 14 P
3 8 15 P
3 8 16 P
3 8 17 P
3 8 18 P
3 8 19 P
3 8 20 P
3 8 21 P
3 8 22 P
3 8 23 P
3 8 24 P
3 8 25 P
3 8 26 P
3 8 27 P
3 8 28 P
3 8 29 B
3 9 -29 P
3 9 -28 P
3 9 -27 P
3 9 -26 P
3 9 -25 P
3 9 -24 P
3 9 -23 P
3 9 -22 P
3 9 -21 P
3 9 -20 P
3 9 -19 P
3 9 -18 P
3 9 -17 P
3 9 -16 P
3 9 -15 P
3 9 -14 P
3 9 -13 P
3 9 -12 P
3 9 -11 P
3 9 -10 P
3 9 -9 P
3 9 -8 P
3 9 -7 P
3 9 -6 P
3 9 -5 P
3 9 -4 P
3 9 -3 P
3 9 -2 P
3 9 -1 P
3 9 0 P
3 9 1 P
3 9 2 P
3 9 3 P
3 9 4 P
3 9 5 P
3 9 6 P
3 9 7 P
3 9 8 P
3 9 9 P
3 9 10 P
3 9 11 P
3 9 12 P
3 9 13 P
3 9 14 P
3 9 15 P
3 9 16 P
3 9 17 P
3 9 18 P
3 9 19 P
3 9 20 P
3 9 21 P
3 9 22 P
3 9 23 P
3 9 24 P
3 9 25 P
3 9 26 P
3 9 27 P
3 9 28 P
3 9 29 P
3 10 -29 P
3 10 -28 P
3 10 -27 P
3 10 -26 P
3 10 -25 P
3 10 -24 P
3 10 -23 P
3 10 -22 P
3 10 -21 P
3 10 -20 P
3 10 -19 P
3 10 -18 P
3 10 -17 P
3 10 -16 P
3 10 -15 P
3 10 -14 P
3 10 -13 P
3 10 -12 P
3 10 -11 P
3 10 -10 P
3 10 -9 P
3 10 -8 P
3 10 -7 P
3 10 -6 P
3 10 -5 P
3 10 -4 P
3 10 -3 P
3 10 -2 P
3 10 -1 P
3 10 0 P
3 10 1 P
3 10 2 P
3 10 3 P
3 10 4 P
3 10 5 P
3 10 6 P
3 10 7 P
3 10 8 P
3 10 9 P
3 10 10 P
3 10 11 P
3 10 12 P
3 10 13 P
3 10 14 P
3 10 15 P
3 10 16 P
3 10 17 P
3 10 18 P
3 10 19 P
3 10 20 P
3 10 21 P
3 10 22 P
3 10 23 P
3 10 24 P
3 10 25 P
3 10 26 P
3 10 27 P
3 10 28 P
3 10 29 P
3 11 -29 P
3 11 -28 P
3 11 -27 P
3 11 -26 P
3 11 -25 P
3 11 -24 P
3 11 -23 P
3 11 -22 P
3 11 -21 P
3 11 -20 P
3 11 -19 P
3 11 -18 P
3 11 -17 P
3 11 -16 P
3 11 -15 P
3 11 -14 P
3 11 -13 P
3 11 -12 P
3 11 -11 P
3 11 -10 P
3 11 -9 P
3 11 -8 P
3 11 -7 P
3 11 -6 P
3 11 -5 P
3 11 -4 P
3 11 -3 P
3 11 -2 P
3 11 -1 P
3 11 0 P
3 11 1 P
3 11 2 P
3 11 3 P
3 11 4 P
3 11 5 P
3 11 6 P
3 11 7 P
3 11 8 P
3 11 9 P
3 11 10 P
3 11 11 P
3 11 12 P
3 11 13 P
3 11 14 P
3 11 15 P
3 11 16 P
3 11 17 P
3 11 18 P
3 11 19 P
3 11 20 P
3 11 21 P
3 11 22 P
3 11 23 P
3 11 24 P
3 11 25 P
3 11 26 P
3 11 27 P
3 12 -29 P
3 12 -28 P
3 12 -27 P
3 12 -26 P
3 12 -25 P
3 12 -24 P
3 12 -23 P
3 12 -22 P
3 12 -21 P
3 12 -20 P
3 12 -19 P
3 12 -18 P
3 12 -17 P
3 12 -16 P
3 12 -15 P
3 12 -14 P
3 12 -13 P
3 12 -12 P
3 12 -11 P
3 12 -10 P
3 12 -9 P
3 12 -8 P
3 12 -7 P
3 12 -6 P
3 12 -5 P
3 12 -4 P
3 12 -3 P
3 12 -2 P
3 12 -1 P
3 12 0 P
3 12 1 P
3 12 2 P
3 12 3 P
3 12 4 P
3 12 5 P
3 12 6 P
3 12 7 P
3 12 8 P
3 12 9 P
3 12 10 P
3 12 11 P
3 12 12 P
3 12 13 P
3 12 14 P
3 12 15 P
3 12 16 P
3 12 17 P
3 12 18 P
3 12 19 P
3 12 20 P
3 12 21 P
3 12 22 P
3 12 23 P
3 12 24 P
3 13 -29 P
3 13 -28 P
3 13 -27 P
3 13 -26 P
3 13 -25 P
3 13 -24 P
3 13 -23 P
3 13 -22 P
3 13 -21 P
3 13 -20 P
3 13 -19 P
3 13 -18 P
3 13 -17 P
3 13 -16 P
3 13 -15 P
3 13 -14 P
3 13 -13 P
3 13 -12 P
3 13 -11 P
3 13 -10 P
3 13 -9 P
3 13 -8 P
3 13 -7 P
3 13 -6 P
3 13 -5 P
3 13 -4 P
3 13 -3 P
3 13 -2 P
3 13 -1 P
3 13 0 P
3 13 1 P
3 13 2 P
3 13 3 P
3 13 4 P
3 13 5 P
3 13 6 P
3 13 7 P
3 13 8 P
3 13 9 P
3 13 10 P
3 13 11 P
3 13 12 P
3 13 13 P
3 13 14 P
3 13 15 P
3 13 16 P
3 13 17 P
3 14 -29 P
3 14 -28 P
3 14 -27 P
3 14 -26 P
3 14 -25 P
3 14 -24 P
3 14 -23 P
3 14 -22 P
3 14 -21 P
3 14 -20 P
3 14 -19 P
3 14 -18 P
3 14 -17 P
3 14 -16 P
3 14 -15 P
3 14 -14 P
3 14 -13 P
3 14 -12 P
3 14 -11 P
3 14 -10 P
3 14 -9 P
3 14 -8 P
3 14 -7 P
3 14 -6 P
3 14 -5 P
3 14 -4 P
3 14 -3 P
3 14 -2 P
3 14 -1 P
3 14 0 P
3 14 1 P
3 14 2 P
3 14 3 P
3 14 4 P
3 14 5 P
3 14 6 P
3 14 7 P
3 14 8 P
3 14 9 P
3 14 10 P
3 14 11 P
3 14 12 P
3 14 13 G
3 15 -29 P
3 15 -28 P
3 15 -27 P
3 15 -26 P
3 15 -25 P
3 15 -24 P
3 15 -23 P
3 15 -22 P
3 15 -21 P
3 15 -20 P
3 15 -19 P
3 15 -18 P
3 15 -17 P
3 15 -16 P
3 15 -15 P
3 15 -14 P
3 15 -13 P
3 15 -12 P
3 15 -11 P
3 15 -10 P
3 15 -9 P
3 15 -8 P
3 15 -7 P
3 15 -6 P
3 15 -5 P
3 15 -4 P
3 15 -3 P
3 15 -2 P
3 15 -1 P
3 15 0 P
3 15 1 P
3 15 2 P
3 15 3 P
3 15 4 P
3 15 5 P
3 15 6 P
3 15 7 P
3 15 8 P
3 15 9 P
3 15 10 P
3 15 11 G
3 15 12 G
3 16 -28 G
3 16 -27 P
3 16 -26 P
3 16 -25 P
3 16 -24 P
3 16 -23 P
3 16 -22 P
3 16 -21 P
3 16 -20 P
3 16 -19 P
3 16 -18 P
3 16 -17 P
3 16 -16 P
3 16 -15 P
3 16 -14 P
3 16 -13 P
3 16 -12 P
3 16 -11 P
3 16 -10 P
3 16 -9 P
3 16 -8 P
3 16 -7 P
3 16 -6 P
3 16 -5 P
3 16 -4 P
3 16 -3 P
3 16 -2 P
3 16 -1 P
3 16 0 P
3 16 1 P
3 16 2 P
3 16 3 P
3 16 4 P
3 16 5 P
3 16 6 P
3 16 7 P
3 16 8 P
3 16 9 P
3 16 10 G
3 17 -28 G
3 17 -27 P
3 17 -26 P
3 17 -25 P
3 17 -24 P
3 17 -23 P
3 17 -22 P
3 17 -21 P
3 17 -20 P
3 17 -19 P
3 17 -18 P
3 17 -17 P
3 17 -16 P
3 17 -15 P
3 17 -14 P
3 17 -13 P
3 17 -12 P
3 17 -11 P
3 17 -10 P
3 17 -9 P
3 17 -8 P
3 17 -7 P
3 17 -6 P
3 17 -5 P
3 17 -4 P
3 17 -3 P
3 17 -2 P
3 17 -1 P
3 17 0 P
3 17 1 P
3 17 2 P
3 17 3 P
3 17 4 P
3 17 5 P
3 17 6 P
3 17 7 P
3 17 8 G
3 17 9 G
3 18 -28 G
3 18 -27 P
3 18 -26 P
3 18 -25 P
3 18 -24 P
3 18 -23 P
3 18 -22 P
3 18 -21 P
3 18 -20 P
3 18 -19 P
3 18 -18 P
3 18 -17 P
3 18 -16 P
3 18 -15 P
3 18 -14 P
3 18 -13 P
3 18 -12 P
3 18 -11 P
3 18 -10 P
3 18 -9 P
3 18 -8 P
3 18 -7 P
3 18 -6 P
3 18 -5 P
3 18 -4 P
3 18 -3 P
3 18 -2 P
3 18 -1 P
3 18 0 P
3 18 1 P
3 18 2 P
3 18 3 P
3 18 4 P
3 18 5 P
3 18 6 P
3 18 7 G
3 19 -27 G
3 19 -26 G
3 19 -25 P
3 19 -24 P
3 19 -23 P
3 19 -22 P
3 19 -21 P
3 19 -20 P
3 19 -19 P
3 19 -18 P
3 19 -17 P
3 19 -16 P
3 19 -15 P
3 19 -14 P
3 19 -13 P
3 19 -12 P
3 19 -11 P
3 19 -10 P
3 19 -9 P
3 19 -8 P
3 19 -7 P
3 19 -6 P
3 19 -5 P
3 19 -4 P
3 19 -3 P
3 19 -2 P
3 19 -1 P
3 19 0 P
3 19 1 P
3 19 2 P
3 19 3 P
3 19 4 P
3 19 5 P
3 19 6 G
3 20 -25 G
3 20 -24 G
3 20 -23 P
3 20 -22 P
3 20 -21 P
3 20 -20 P
3 20 -19 P
3 20 -18 P
3 20 -17 P
3 20 -16 P
3 20 -15 P
3 20 -14 P
3 20 -13 P
3 20 -12 P
3 20 -11 P
3 20 -10 P
3 20 -9 P
3 20 -8 P
3 20 -7 P
3 20 -6 P
3 20 -5 P
3 20 -4 P
3 20 -3 P
3 20 -2 P
3 20 -1 P
3 20 0 P
3 20 1 P
3 20 2 P
3 20 3 P
3 20 4 P
3 20 5 P
4 5 -26 P
4 5 -25 P
4 5 -24 P
4 5 -23 P
4 5 -22 P
4 5 -21 P
4 5 -20 P
4 5 -19 P
4 5 -18 P
4 5 -17 P
4 5 -16 P
4 5 -15 P
4 5 -14 P
4 5 -13 P
4 5 -12 P
4 5 -11 P
4 5 -10 P
4 5 -9 P
4 5 -8 P
4 5 -7 P
4 5 -6 P
4 5 -5 P
4 5 -4 P
4 5 -3 P
4 5 -2 P
4 5 -1 P
4 5 0 P
4 5 1 P
4 5 2 P
4 5 3 P
4 5 4 P
4 5 5 P
4 5 6 P
4 5 7 P
4 5 8 P
4 5 9 P
4 5 10 P
4 5 11 P
4 5 12 P
4 5 13 P
4 5 14 P
4 5 15 P
4 5 16 P
4 5 17 P
4 5 18 P
4 5 19 P
4 5 20 P
4 5 21 P
4 5 22 P
4 5 23 P
4 5 24 P
4 5 25 P
4 5 26 P
4 5 27 P
4 5 28 P
4 6 -29 B
4 6 -28 B
4 6 -27 B
4 6 -26 P
4 6 -25 P
4 6 -24 P
4 6 -23 P
4 6 -22 P
4 6 -21 P
4 6 -20 P
4 6 -19 P
4 6 -18 P
4 6 -17 P
4 6 -16 P
4 6 -15 P
4 6 -14 P
4 6 -13 P
4 6 -12 P
4 6 -11 P
4 6 -10 P
4 6 -9 P
4 6 -8 P
4 6 -7 P
4 6 -6 P
4 6 -5 P
4 6 -4 P
4 6 -3 P
4 6 -2 P
4 6 -1 P
4 6 0 P
4 6 1 P
4 6 2 P
4 6 3 P
4 6 4 P
4 6 5 P
4 6 6 P
4 6 7 P
4 6 8 P
4 6 9 P
4 6 10 P
4 6 11 P
4 6 12 P
4 6 13 P
4 6 14 P
4 6 15 P
4 6 16 P
4 6 17 P
4 6 18 P
4 6 19 P
4 6 20 P
4 6 21 P
4 6 22 P
4 6 23 P
4 6 24 P
4 6 25 P
4 6 26 P
4 6 27 P
4 6 28 P
4 6 29 B
4 7 -29 B
4 7 -28 P
4 7 -27 P
4 7 -26 P
4 7 -25 P
4 7 -24 P
4 7 -23 P
4 7 -22 P
4 7 -21 P
4 7 -20 P
4 7 -19 P
4 7 -18 P
4 7 -17 P
4 7 -16 P
4 7 -15 P
4 7 -14 P
4 7 -13 P
4 7 -12 P
4 7 -11 P
4 7 -10 P
4 7 -9 P
4 7 -8 P
4 7 -7 P
4 7 -6 P
4 7 -5 P
4 7 -4 P
4 7 -3 P
4 7 -2 P
4 7 -1 P
4 7 0 P
4 7 1 P
4 7 2 P
4 7 3 P
4 7 4 P
4 7 5 P
4 7 6 P
4 7 7 P
4 7 8 P
4 7 9 P
4 7 10 P
4 7 11 P
4 7 12 P
4 7 13 P
4 7 14 P
4 7 15 P
4 7 16 P
4 7 17 P
4 7 18 P
4 7 19 P
4 7 20 P
4 7 21 P
4 7 22 P
4 7 23 P
4 7 24 P
4 7 25 P
4 7 26 P
4 7 27 P
4 7 28 P
4 7 29 B
4 8 -29 B
4 8 -28 P
4 8 -27 P
4 8 -26 P
4 8 -25 P
4 8 -24 P
4 8 -23 P
4 8 -22 P
4 8 -21 P
4 8 -20 P
4 8 -19 P
4 8 -18 P
4 8 -17 P
4 8 -16 P
4 8 -15 P
4 8 -14 P
4 8 -13 P
4 8 -12 P
4 8 -11 P
4 8 -10 P
4 8 -9 P
4 8 -8 P
4 8 -7 P
4 8 -6 P
4 8 -5 P
4 8 -4 P
4 8 -3 P
4 8 -2 P
4 8 -1 P
4 8 0 P
4 8 1 P
4 8 2 P
4 8 3 P
4 8 4 P
4 8 5 P
4 8 6 P
4 8 7 P
4 8 8 P
4 8 9 P
4 8 10 P
4 8 11 P
4 8 12 P
4 8 13 P
4 8 14 P
4 8 15 P
4 8 16 P
4 8 17 P
4 8 18 P
4 8 19 P
4 8 20 P
4 8 21 P
4 8 22 P
4 8 23 P
4 8 24 P
4 8 25 P
4 8 26 P
4 8 27 P
4 8 28 P
4 8 29 B
4 9 -29 P
4 9 -28 P
4 9 -27 P
4 9 -26 P
4 9 -25 P
4 9 -24 P
4 9 -23 P
4 9 -22 P
4 9 -21 P
4 9 -20 P
4 9 -19 P
4 9 -18 P
4 9 -17 P
4 9 -16 P
4 9 -15 P
4 9 -14 P
4 9 -13 P
4 9 -12 P
4 9 -11 P
4 9 -10 P
4 9 -9 P
4 9 -8 P
4 9 -7 P
4 9 -6 P
4 9 -5 P
4 9 -4 P
4 9 -3 P
4 9 -2 P
4 9 -1 P
4 9 0 P
4 9 1 P
4 9 2 P
4 9 3 P
4 9 4 P
4 9 5 P
4 9 6 P
4 9 7 P
4 9 8 P
4 9 9 P
4 9 10 P
4 9 11 P
4 9 12 P
4 9 13 P
4 9 14 P
4 9 15 P
4 9 16 P
4 9 17 P
4 9 18 P
4 9 19 P
4 9 20 P
4 9 21 P
4 9 22 P
4 9 23 P
4 9 24 P
4 9 25 P
4 9 26 P
4 9 27 P
4 9 28 P
4 9 29 P
4 10 -29 P
4 10 -28 P
4 10 -27 P
4 10 -26 P
4 10 -25 P
4 10 -24 P
4 10 -23 P
4 10 -22 P
4 10 -21 P
4 10 -20 P
4 10 -19 P
4 10 -18 P
4 10 -17 P
4 10 -16 P
4 10 -15 P
4 10 -14 P
4 10 -13 P
4 10 -12 P
4 10 -11 P
4 10 -10 P
4 10 -9 P
4 10 -8 P
4 10 -7 P
4 10 -6 P
4 10 -5 P
4 10 -4 P
4 10 -3 P
4 10 -2 P
4 10 -1 P
4 10 0 P
4 10 1 P
4 10 2 P
4 10 3 P
4 10 4 P
4 10 5 P
4 10 6 P
4 10 7 P
4 10 8 P
4 10 9 P
4 10 10 P
4 10 11 P
4 10 12 P
4 10 13 P
4 10 14 P
4 10 15 P
4 10 16 P
4 10 17 P
4 10 18 P
4 10 19 P
4 10 20 P
4 10 21 P
4 10 22 P
4 10 23 P
4 10 24 P
4 10 25 P
4 10 26 P
4 10 27 P
4 10 28 P
4 10 29 P
4 11 -29 P
4 11 -28 P
4 11 -27 P
4 11 -26 P
4 11 -25 P
4 11 -24 P
4 11 -23 P
4 11 -22 P
4 11 -21 P
4 11 -20 P
4 11 -19 P
4 11 -18 P
4 11 -17 P
4 11 -16 P
4 11 -15 P
4 11 -14 P
4 11 -13 P
4 11 -12 P
4 11 -11 P
4 11 -10 P
4 11 -9 P
4 11 -8 P
4 11 -7 P
4 11 -6 P
4 11 -5 P
4 11 -4 P
4 11 -3 P
4 11 -2 P
4 11 -1 P
4 11 0 P
4 11 1 P
4 11 2 P
4 11 3 P
4 11 4 P
4 11 5 P
4 11 6 P
4 11 7 P
4 11 8 P
4 11 9 P
4 11 10 P
4 11 11 P
4 11 12 P
4 11 13 P
4 11 14 P
4 11 15 P
4 11 16 P
4 11 17 P
4 11 18 P
4 11 19 P
4 11 20 P
4 11 21 P
4 11 22 P
4 11 23 P
4 11 24 P
4 11 25 P
4 11 26 P
4 11 27 P
4 12 -29 P
4 12 -28 P
4 12 -27 P
4 12 -26 P
4 12 -25 P
4 12 -24 P
4 12 -23 P
4 12 -22 P
4 12 -21 P
4 12 -20 P
4 12 -19 P
4 12 -18 P
4 12 -17 P
4 12 -16 P
4 12 -15 P
4 12 -14 P
4 12 -13 P
4 12 -12 P
4 12 -11 P
4 12 -10 P
4 12 -9 P
4 12 -8 P
4 12 -7 P
4 12 -6 P
4 12 -5 P
4 12 -4 P
4 12 -3 P
4 12 -2 P
4 12 -1 P
4 12 0 P
4 12 1 P
4 12 2 P
4 12 3 P
4 12 4 P
4 12 5 P
4 12 6 P
4 12 7 P
4 12 8 P
4 12 9 P
4 12 10 P
4 12 11 P
4 12 12 P
4 12 13 P
4 12 14 P
4 12 15 P
4 12 16 P
4 12 17 P
4 12 18 P
4 12 19 P
4 12 20 P
4 12 21 P
4 12 22 P
4 12 23 P
4 12 24 P
4 13 -29 P
4 13 -28 P
4 13 -27 P
4 13 -26 P
4 13 -25 P
4 13 -24 P
4 13 -23 P
4 13 -22 P
4 13 -21 P
4 13 -20 P
4 13 -19 P
4 13 -18 P
4 13 -17 P
4 13 -16 P
4 13 -15 P
4 13 -14 P
4 13 -13 P
4 13 -12 P
4 13 -11 P
4 13 -10 P
4 13 -9 P
4 13 -8 P
4 13 -7 P
4 13 -6 P
4 13 -5 P
4 13 -4 P
4 13 -3 P
4 13 -2 P
4 13 -1 P
4 13 0 P
4 13 1 P
4 13 2 P
4 13 3 P
4 13 4 P
4 13 5 P
4 13 6 P
4 13 7 P
4 13 8 P
4 13 9 P
4 13 10 P
4 13 11 P
4 13 12 P
4 13 13 P
4 13 14 P
4 13 15 P
4 13 16 P
4 13 17 P
4 14 -29 P
4 14 -28 P
4 14 -27 P
4 14 -26 P
4 14 -25 P
4 14 -24 P
4 14 -23 P
4 14 -22 P
4 14 -21 P
4 14 -20 P
4 14 -19 P
4 14 -18 P
4 14 -17 P
4 14 -16 P
4 14 -15 P
4 14 -14 P
4 14 -13 P
4 14 -12 P
4 14 -11 P
4 14 -10 P
4 14 -9 P
4 14 -8 P
4 14 -7 P
4 14 -6 P
4 14 -5 P
4 14 -4 P
4 14 -3 P
4 14 -2 P
4 14 -1 P
4 14 0 P
4 14 1 P
4 14 2 P
4 14 3 P
4 14 4 P
4 14 5 P
4 14 6 P
4 14 7 P
4 14 8 P
4 14 9 P
4 14 10 P
4 14 11 P
4 14 12 P
4 14 13 G
4 15 -29 P
4 15 -28 P
4 15 -27 P
4 15 -26 P
4 15 -25 P
4 15 -24 P
4 15 -23 P
4 15 -22 P
4 15 -21 P
4 15 -20 P
4 15 -19 P
4 15 -18 P
4 15 -17 P
4 15 -16 P
4 15 -15 P
4 15 -14 P
4 15 -13 P
4 15 -12 P
4 15 -11 P
4 15 -10 P
4 15 -9 P
4 15 -8 P
4 15 -7 P
4 15 -6 P
4 15 -5 P
4 15 -4 P
4 15 -3 P
4 15 -2 P
4 15 -1 P
4 15 0 P
4 15 1 P
4 15 2 P
4 15 3 P
4 15 4 P
4 15 5 P
4 15 6 P
4 15 7 P
4 15 8 P
4 15 9 P
4 15 10 P
4 15 11 G
4 15 12 G
4 16 -28 G
4 16 -27 P
4 16 -26 P
4 16 -25 P
4 16 -24 P
4 16 -23 P
4 16 -22 P
4 16 -21 P
4 16 -20 P
4 16 -19 P
4 16 -18 P
4 16 -17 P
4 16 -16 P
4 16 -15 P
4 16 -14 P
4 16 -13 P
4 16 -12 P
4 16 -11 P
4 16 -10 P
4 16 -9 P
4 16 -8 P
4 16 -7 P
4 16 -6 P
4 16 -5 P
4 16 -4 P
4 16 -3 P
4 16 -2 P
4 16 -1 P
4 16 0 P
4 16 1 P
4 16 2 P
4 16 3 P
4 16 4 P
4 16 5 P
4 16 6 P
4 16 7 P
4 16 8 P
4 16 9 P
4 16 10 G
4 17 -28 G
4 17 -27 P
4 17 -26 P
4 17 -25 P
4 17 -24 P
4 17 -23 P
4 17 -22 P
4 17 -21 P
4 17 -20 P
4 17 -19 P
4 17 -18 P
4 17 -17 P
4 17 -16 P
4 17 -15 P
4 17 -14 P
4 17 -13 P
4 17 -12 P
4 17 -11 P
4 17 -10 P
4 17 -9 P
4 17 -8 P
4 17 -7 P
4 17 -6 P
4 17 -5 P
4 17 -4 P
4 17 -3 P
4 17 -2 P
4 17 -1 P
4 17 0 P
4 17 1 P
4 17 2 P
4 17 3 P
4 17 4 P
4 17 5 P
4 17 6 P
4 17 7 P
4 17 8 G
4 17 9 G
4 18 -28 G
4 18 -27 P
4 18 -26 P
4 18 -25 P
4 18 -24 P
4 18 -23 P
4 18 -22 P
4 18 -21 P
4 18 -20 P
4 18 -19 P
4 18 -18 P
4 18 -17 P
4 18 -16 P
4 18 -15 P
4 18 -14 P
4 18 -13 P
4 18 -12 P
4 18 -11 P
4 18 -10 P
4 18 -9 P
4 18 -8 P
4 18 -7 P
4 18 -6 P
4 18 -5 P
4 18 -4 P
4 18 -3 P
4 18 -2 P
4 18 -1 P
4 18 0 P
4 18 1 P
4 18 2 P
4 18 3 P
4 18 4 P
4 18 5 P
4 18 6 P
4 18 7 G
4 19 -27 G
4 19 -26 G
4 19 -25 P
4 19 -24 P
4 19 -23 P
4 19 -22 P
4 19 -21 P
4 19 -20 P
4 19 -19 P
4 19 -18 P
4 19 -17 P
4 19 -16 P
4 19 -15 P
4 19 -14 P
4 19 -13 P
4 19 -12 P
4 19 -11 P
4 19 -10 P
4 19 -9 P
4 19 -8 P
4 19 -7 P
4 19 -6 P
4 19 -5 P
4 19 -4 P
4 19 -3 P
4 19 -2 P
4 19 -1 P
4 19 0 P
4 19 1 P
4 19 2 P
4 19 3 P
4 19 4 P
4 19 5 P
4 19 6 G
4 20 -25 G
4 20 -24 G
4 20 -23 P
4 20 -22 P
4 20 -21 P
4 20 -20 P
4 20 -19 P
4 20 -18 P
4 20 -17 P
4 20 -16 P
4 20 -15 P
4 20 -14 P
4 20 -13 P
4 20 -12 P
4 20 -11 P
4 20 -10 P
4 20 -9 P
4 20 -8 P
4 20 -7 P
4 20 -6 P
4 20 -5 P
4 20 -4 P
4 20 -3 P
4 20 -2 P
4 20 -1 P
4 20 0 P
4 20 1 P
4 20 2 P
4 20 3 P
4 20 4 P
4 20 5 P
5 5 -26 P
5 5 -25 P
5 5 -24 P
5 5 -23 P
5 5 -22 P
5 5 -21 P
5 5 -20 P
5 5 -19 P
5 5 -18 P
5 5 -17 P
5 5 -16 P
5 5 -15 P
5 5 -14 P
5 5 -13 P
5 5 -12 P
5 5 -11 P
5 5 -10 P
5 5 -9 P
5 5 -8 P
5 5 -7 P
5 5 -6 P
5 5 -5 P
5 5 -4 P
5 5 -3 P
5 5 -2 P
5 5 -1 P
5 5 0 P
5 5 1 P
5 5 2 P
5 5 3 P
5 5 4 P
5 5 5 P
5 5 6 P
5 5 7 P
5 5 8 P
5 5 9 P
5 5 10 P
5 5 11 P
5 5 12 P
5 5 13 P
5 5 14 P
5 5 15 P
5 5 16 P
5 5 17 P
5 5 18 P
5 5 19 P
5 5 20 P
5 5 21 P
5 5 22 P
5 5 23 P
5 5 24 P
5 5 25 P
5 5 26 P
5 5 27 P
5 5 28 P
5 6 -29 B
5 6 -28 B
5 6 -27 B
5 6 -26 P
5 6 -25 P
5 6 -24 P
5 6 -23 P
5 6 -22 P
5 6 -21 P
5 6 -20 P
5 6 -19 P
5 6 -18 P
5 6 -17 P
5 6 -16 P
5 6 -15 P
5 6 -14 P
5 6 -13 P
5 6 -12 P
5 6 -11 P
5 6 -10 P
5 6 -9 P
5 6 -8 P
5 6 -7 P
5 6 -6 P
5 6 -5 P
5 6 -4 P
5 6 -3 P
5 6 -2 P
5 6 -1 P
5 6 0 P
5 6 1 P
5 6 2 P
5 6 3 P
5 6 4 P
5 6 5 P
5 6 6 P
5 6 7 P
5 6 8 P
5 6 9 P
5 6 10 P
5 6 11 P
5 6 12 P
5 6 13 P
5 6 14 P
5 6 15 P
5 6 16 P
5 6 17 P
5 6 18 P
5 6 19 P
5 6 20 P
5 6 21 P
5 6 22 P
5 6 23 P
5 6 24 P
5 6 25 P
5 6 26 P
5 6 27 P
5 6 28 P
5 6 29 B
5 7 -29 B
5 7 -28 P
5 7 -27 P
5 7 -26 P
5 7 -25 P
5 7 -24 P
5 7 -23 P
5 7 -22 P
5 7 -21 P
5 7 -20 P
5 7 -19 P
5 7 -18 P
5 7 -17 P
5 7 -16 P
5 7 -15 P
5 7 -14 P
5 7 -13 P
5 7 -12 P
5 7 -11 P
5 7 -10 P
5 7 -9 P
5 7 -8 P
5 7 -7 P
5 7 -6 P
5 7 -5 P
5 7 -4 P
5 7 -3 P
5 7 -2 P
5 7 -1 P
5 7 0 P
5 7 1 P
5 7 2 P
5 7 3 P
5 7 4 P
5 7 5 P
5 7 6 P
5 7 7 P
5 7 8 P
5 7 9 P
5 7 10 P
5 7 11 P
5 7 12 P
5 7 13 P
5 7 14 P
5 7 15 P
5 7 16 P
5 7 17 P
5 7 18 P
5 7 19 P
5 7 20 P
5 7 21 P
5 7 22 P
5 7 23 P
5 7 24 P
5 7 25 P
5 7 26 P
5 7 27 P
5 7 28 P
5 7 29 B
5 8 -29 B
5 8 -28 P
5 8 -27 P
5 8 -26 P
5 8 -25 P
5 8 -24 P
5 8 -23 P
5 8 -22 P
5 8 -21 P
5 8 -20 P
5 8 -19 P
5 8 -18 P
5 8 -17 P
5 8 -16 P
5 8 -15 P
5 8 -14 P
5 8 -13 P
5 8 -12 P
5 8 -11 P
5 8 -10 P
5 8 -9 P
5 8 -8 P
5 8 -7 P
5 8 -6 P
5 8 -5 P
5 8 -4 P
5 8 -3 P
5 8 -2 P
5 8 -1 P
5 8 0 P
5 8 1 P
5 8 2 P
5 8 3 P
5 8 4 P
5 8 5 P
5 8 6 P
5 8 7 P
5 8 8 P
5 8 9 P
5 8 10 P
5 8 11 P
5 8 12 P
5 8 13 P
5 8 14 P
5 8 15 P
5 8 16 P
5 8 17 P
5 8 18 P
5 8 19 P
5 8 20 P
5 8 21 P
5 8 22 P
5 8 23 P
5 8 24 P
5 8 25 P
5 8 26 P
5 8 27 P
5 8 28 P
5 8 29 B
5 9 -29 P
5 9 -28 P
5 9 -27 P
5 9 -26 P
5 9 -25 P
5 9 -24 P
5 9 -23 P
5 9 -22 P
5 9 -21 P
5 9 -20 P
5 9 -19 P
5 9 -18 P
5 9 -17 P
5 9 -16 P
5 9 -15 P
5 9 -14 P
5 9 -13 P
5 9 -12 P
5 9 -11 P
5 9 -10 P
5 9 -9 P
5 9 -8 P
5 9 -7 P
5 9 -6 P
5 9 -5 P
5 9 -4 P
5 9 -3 P
5 9 -2 P
5 9 -1 P
5 9 0 P
5 9 1 P
5 9 2 P
5 9 3 P
5 9 4 P
5 9 5 P
5 9 6 P
5 9 7 P
5 9 8 P
5 9 9 P
5 9 10 P
5 9 11 P
5 9 12 P
5 9 13 P
5 9 14 P
5 9 15 P
5 9 16 P
5 9 17 P
5 9 18 P
5 9 19 P
5 9 20 P
5 9 21 P
5 9 22 P
5 9 23 P
5 9 24 P
5 9 25 P
5 9 26 P
5 9 27 P
5 9 28 P
5 9 29 P
5 10 -29 P
5 10 -28 P
5 10 -27 P
5 10 -26 P
5 10 -25 P
5 10 -24 P
5 10 -23 P
5 10 -22 P
5 10 -21 P
5 10 -20 P
5 10 -19 P
5 10 -18 P
5 10 -17 P
5 10 -16 P
5 10 -15 P
5 10 -14 P
5 10 -13 P
5 10 -12 P
5 10 -11 P
5 10 -10 P
5 10 -9 P
5 10 -8 P
5 10 -7 P
5 10 -6 P
5 10 -5 P
5 10 -4 P
5 10 -3 P
5 10 -2 P
5 10 -1 P
5 10 0 P
5 10 1 P
5 10 2 P
5 10 3 P
5 10 4 P
5 10 5 P
5 10 6 P
5 10 7 P
5 10 8 P
5 10 9 P
5 10 10 P
5 10 11 P
5 10 12 P
5 10 13 P
5 10 14 P
5 10 15 P
5 10 16 P
5 10 17 P
5 10 18 P
5 10 19 P
5 10 20 P
5 10 21 P
5 10 22 P
5 10 23 P
5 10 24 P
5 10 25 P
5 10 26 P
5 10 27 P
5 10 28 P
5 11 -29 P
5 11 -28 P
5 11 -27 P
5 11 -26 P
5 11 -25 P
5 11 -24 P
5 11 -23 P
5 11 -22 P
5 11 -21 P
5 11 -20 P
5 11 -19 P
5 11 -18 P
5 11 -17 P
5 11 -16 P
5 11 -15 P
5 11 -14 P
5 11 -13 P
5 11 -12 P
5 11 -11 P
5 11 -10 P
5 11 -9 P
5 11 -8 P
5 11 -7 P
5 11 -6 P
5 11 -5 P
5 11 -4 P
5 11 -3 P
5 11 -2 P
5 11 -1 P
5 11 0 P
5 11 1 P
5 11 2 P
5 11 3 P
5 11 4 P
5 11 5 P
5 11 6 P
5 11 7 P
5 11 8 P
5 11 9 P
5 11 10 P
5 11 11 P
5 11 12 P
5 11 13 P
5 11 14 P
5 11 15 P
5 11 16 P
5 11 17 P
5 11 18 P
5 11 19 P
5 11 20 P
5 11 21 P
5 11 22 P
5 11 23 P
5 11 24 P
5 11 25 P
5 11 26 P
5 11 27 H
5 12 -29 P
5 12 -28 P
5 12 -27 P
5 12 -26 P
5 12 -25 P
5 12 -24 P
5 12 -23 P
5 12 -22 P
5 12 -21 P
5 12 -20 P
5 12 -19 P
5 12 -18 P
5 12 -17 P
5 12 -16 P
5 12 -15 P
5 12 -14 P
5 12 -13 P
5 12 -12 P
5 12 -11 P
5 12 -10 P
5 12 -9 P
5 12 -8 P
5 12 -7 P
5 12 -6 P
5 12 -5 P
5 12 -4 P
5 12 -3 P
5 12 -2 P
5 12 -1 P
5 12 0 P
5 12 1 P
5 12 2 P
5 12 3 P
5 12 4 P
5 12 5 P
5 12 6 P
5 12 7 P
5 12 8 P
5 12 9 P
5 12 10 P
5 12 11 P
5 12 12 P
5 12 13 P
5 12 14 P
5 12 15 P
5 12 16 P
5 12 17 P
5 12 18 P
5 12 19 P
5 12 20 P
5 12 21 P
5 12 22 P
5 12 23 P
5 12 24 P
5 13 -29 P
5 13 -28 P
5 13 -27 P
5 13 -26 P
5 13 -25 P
5 13 -24 P
5 13 -23 P
5 13 -22 P
5 13 -21 P
5 13 -20 P
5 13 -19 P
5 13 -18 P
5 13 -17 P
5 13 -16 P
5 13 -15 P
5 13 -14 P
5 13 -13 P
5 13 -12 P
5 13 -11 P
5 13 -10 P
5 13 -9 P
5 13 -8 P
5 13 -7 P
5 13 -6 P
5 13 -5 P
5 13 -4 P
5 13 -3 P
5 13 -2 P
5 13 -1 P
5 13 0 P
5 13 1 P
5 13 2 P
5 13 3 P
5 13 4 P
5 13 5 P
5 13 6 P
5 13 7 P
5 13 8 P
5 13 9 P
5 13 10 P
5 13 11 P
5 13 12 P
5 13 13 P
5 13 14 P
5 13 15 P
5 13 16 P
5 13 17 P
5 14 -29 P
5 14 -28 P
5 14 -27 P
5 14 -26 P
5 14 -25 P
5 14 -24 P
5 14 -23 P
5 14 -22 P
5 14 -21 P
5 14 -20 P
5 14 -19 P
5 14 -18 P
5 14 -17 P
5 14 -16 P
5 14 -15 P
5 14 -14 P
5 14 -13 P
5 14 -12 P
5 14 -11 P
5 14 -10 P
5 14 -9 P
5 14 -8 P
5 14 -7 P
5 14 -6 P
5 14 -5 P
5 14 -4 P
5 14 -3 P
5 14 -2 P
5 14 -1 P
5 14 0 P
5 14 1 P
5 14 2 P
5 14 3 P
5 14 4 P
5 14 5 P
5 14 6 P
5 14 7 P
5 14 8 P
5 14 9 P
5 14 10 P
5 14 11 P
5 14 12 P
5 14 13 G
5 15 -29 P
5 15 -28 P
5 15 -27 P
5 15 -26 P
5 15 -25 P
5 15 -24 P
5 15 -23 P
5 15 -22 P
5 15 -21 P
5 15 -20 P
5 15 -19 P
5 15 -18 P
5 15 -17 P
5 15 -16 P
5 15 -15 P
5 15 -14 P
5 15 -13 P
5 15 -12 P
5 15 -11 P
5 15 -10 P
5 15 -9 P
5 15 -8 P
5 15 -7 P
5 15 -6 P
5 15 -5 P
5 15 -4 P
5 15 -3 P
5 15 -2 P
5 15 -1 P
5 15 0 P
5 15 1 P
5 15 2 P
5 15 3 P
5 15 4 P
5 15 5 P
5 15 6 P
5 15 7 P
5 15 8 P
5 15 9 P
5 15 10 P
5 15 11 G
5 15 12 G
5 16 -28 G
5 16 -27 P
5 16 -26 P
5 16 -25 P
5 16 -24 P
5 16 -23 P
5 16 -22 P
5 16 -21 P
5 16 -20 P
5 16 -19 P
5 16 -18 P
5 16 -17 P
5 16 -16 P
5 16 -15 P
5 16 -14 P
5 16 -13 P
5 16 -12 P
5 16 -11 P
5 16 -10 P
5 16 -9 P
5 16 -8 P
5 16 -7 P
5 16 -6 P
5 16 -5 P
5 16 -4 P
5 16 -3 P
5 16 -2 P
5 16 -1 P
5 16 0 P
5 16 1 P
5 16 2 P
5 16 3 P
5 16 4 P
5 16 5 P
5 16 6 P
5 16 7 P
5 16 8 P
5 16 9 P
5 16 10 G
5 17 -28 G
5 17 -27 P
5 17 -26 P
5 17 -25 P
5 17 -24 P
5 17 -23 P
5 17 -22 P
5 17 -21 P
5 17 -20 P
5 17 -19 P
5 17 -18 P
5 17 -17 P
5 17 -16 P
5 17 -15 P
5 17 -14 P
5 17 -13 P
5 17 -12 P
5 17 -11 P
5 17 -10 P
5 17 -9 P
5 17 -8 P
5 17 -7 P
5 17 -6 P
5 17 -5 P
5 17 -4 P
5 17 -3 P
5 17 -2 P
5 17 -1 P
5 17 0 P
5 17 1 P
5 17 2 P
5 17 3 P
5 17 4 P
5 17 5 P
5 17 6 P
5 17 7 P
5 17 8 G
5 17 9 G
5 18 -28 G
5 18 -27 P
5 18 -26 P
5 18 -25 P
5 18 -24 P
5 18 -23 P
5 18 -22 P
5 18 -21 P
5 18 -20 P
5 18 -19 P
5 18 -18 P
5 18 -17 P
5 18 -16 P
5 18 -15 P
5 18 -14 P
5 18 -13 P
5 18 -12 P
5 18 -11 P
5 18 -10 P
5 18 -9 P
5 18 -8 P
5 18 -7 P
5 18 -6 P
5 18 -5 P
5 18 -4 P
5 18 -3 P
5 18 -2 P
5 18 -1 P
5 18 0 P
5 18 1 P
5 18 2 P
5 18 3 P
5 18 4 P
5 18 5 P
5 18 6 P
5 18 7 G
5 19 -27 G
5 19 -26 G
5 19 -25 P
5 19 -24 P
5 19 -23 P
5 19 -22 P
5 19 -21 P
5 19 -20 P
5 19 -19 P
5 19 -18 P
5 19 -17 P
5 19 -16 P
5 19 -15 P
5 19 -14 P
5 19 -13 P
5 19 -12 P
5 19 -11 P
5 19 -10 P
5 19 -9 P
5 19 -8 P
5 19 -7 P
5 19 -6 P
5 19 -5 P
5 19 -4 P
5 19 -3 P
5 19 -2 P
5 19 -1 P
5 19 0 P
5 19 1 P
5 19 2 P
5 19 3 P
5 19 4 P
5 19 5 P
5 19 6 G
5 20 -25 G
5 20 -24 G
5 20 -23 P
5 20 -22 P
5 20 -21 P
5 20 -20 P
5 20 -19 P
5 20 -18 P
5 20 -17 P
5 20 -16 P
5 20 -15 P
5 20 -14 P
5 20 -13 P
5 20 -12 P
5 20 -11 P
5 20 -10 P
5 20 -9 P
5 20 -8 P
5 20 -7 P
5 20 -6 P
5 20 -5 P
5 20 -4 P
5 20 -3 P
5 20 -2 P
5 20 -1 P
5 20 0 P
5 20 1 P
5 20 2 P
5 20 3 P
5 20 4 P
5 20 5 C
6 5 -26 P
6 5 -25 P
6 5 -24 P
6 5 -23 P
6 5 -22 P
6 5 -21 P
6 5 -20 P
6 5 -19 P
6 5 -18 P
6 5 -17 P
6 5 -16 P
6 5 -15 P
6 5 -14 P
6 5 -13 P
6 5 -12 P
6 5 -11 P
6 5 -10 P
6 5 -9 P
6 5 -8 P
6 5 -7 P
6 5 -6 P
6 5 -5 P
6 5 -4 P
6 5 -3 P
6 5 -2 P
6 5 -1 P
6 5 0 P
6 5 1 P
6 5 2 P
6 5 3 P
6 5 4 P
6 5 5 P
6 5 6 P
6 5 7 P
6 5 8 P
6 5 9 P
6 5 10 P
6 5 11 P
6 5 12 P
6 5 13 P
6 5 14 P
6 5 15 P
6 5 16 P
6 5 17 P
6 5 18 P
6 5 19 P
6 5 20 P
6 5 21 P
6 5 22 P
6 5 23 P
6 5 24 P
6 5 25 P
6 5 26 P
6 5 27 P
6 5 28 P
6 6 -29 B
6 6 -28 B
6 6 -27 B
6 6 -26 P
6 6 -25 P
6 6 -24 P
6 6 -23 P
6 6 -22 P
6 6 -21 P
6 6 -20 P
6 6 -19 P
6 6 -18 P
6 6 -17 P
6 6 -16 P
6 6 -15 P
6 6 -14 P
6 6 -13 P
6 6 -12 P
6 6 -11 P
6 6 -10 P
6 6 -9 P
6 6 -8 P
6 6 -7 P
6 6 -6 P
6 6 -5 P
6 6 -4 P
6 6 -3 P
6 6 -2 P
6 6 -1 P
6 6 0 P
6 6 1 P
6 6 2 P
6 6 3 P
6 6 4 P
6 6 5 P
6 6 6 P
6 6 7 P
6 6 8 P
6 6 9 P
6 6 10 P
6 6 11 P
6 6 12 P
6 6 13 P
6 6 14 P
6 6 15 P
6 6 16 P
6 6 17 P
6 6 18 P
6 6 19 P
6 6 20 P
6 6 21 P
6 6 22 P
6 6 23 P
6 6 24 P
6 6 25 P
6 6 26 P
6 6 27 P
6 6 28 P
6 6 29 B
6 7 -29 B
6 7 -28 P
6 7 -27 P
6 7 -26 P
6 7 -25 P
6 7 -24 P
6 7 -23 P
6 7 -22 P
6 7 -21 P
6 7 -20 P
6 7 -19 P
6 7 -18 P
6 7 -17 P
6 7 -16 P
6 7 -15 P
6 7 -14 P
6 7 -13 P
6 7 -12 P
6 7 -11 P
6 7 -10 P
6 7 -9 P
6 7 -8 P
6 7 -7 P
6 7 -6 P
6 7 -5 P
6 7 -4 P
6 7 -3 P
6 7 -2 P
6 7 -1 P
6 7 0 P
6 7 1 P
6 7 2 P
6 7 3 P
6 7 4 P
6 7 5 P
6 7 6 P
6 7 7 P
6 7 8 P
6 7 9 P
6 7 10 P
6 7 11 P
6 7 12 P
6 7 13 P
6 7 14 P
6 7 15 P
6 7 16 P
6 7 17 P
6 7 18 P
6 7 19 P
6 7 20 P
6 7 21 P
6 7 22 P
6 7 23 P
6 7 24 P
6 7 25 P
6 7 26 P
6 7 27 P
6 7 28 P
6 7 29 B
6 8 -29 B
6 8 -28 P
6 8 -27 P
6 8 -26 P
6 8 -25 P
6 8 -24 P
6 8 -23 P
6 8 -22 P
6 8 -21 P
6 8 -20 P
6 8 -19 P
6 8 -18 P
6 8 -17 P
6 8 -16 P
6 8 -15 P
6 8 -14 P
6 8 -13 P
6 8 -12 P
6 8 -11 P
6 8 -10 P
6 8 -9 P
6 8 -8 P
6 8 -7 P
6 8 -6 P
6 8 -5 P
6 8 -4 P
6 8 -3 P
6 8 -2 P
6 8 -1 P
6 8 0 P
6 8 1 P
6 8 2 P
6 8 3 P
6 8 4 P
6 8 5 P
6 8 6 P
6 8 7 P
6 8 8 P
6 8 9 P
6 8 10 P
6 8 11 P
6 8 12 P
6 8 13 P
6 8 14 P
6 8 15 P
6 8 16 P
6 8 17 P
6 8 18 P
6 8 19 P
6 8 20 P
6 8 21 P
6 8 22 P
6 8 23 P
6 8 24 P
6 8 25 P
6 8 26 P
6 8 27 P
6 8 28 P
6 8 29 B
6 9 -29 P
6 9 -28 P
6 9 -27 P
6 9 -26 P
6 9 -25 P
6 9 -24 P
6 9 -23 P
6 9 -22 P
6 9 -21 P
6 9 -20 P
6 9 -19 P
6 9 -18 P
6 9 -17 P
6 9 -16 P
6 9 -15 P
6 9 -14 P
6 9 -13 P
6 9 -12 P
6 9 -11 P
6 9 -10 P
6 9 -9 P
6 9 -8 P
6 9 -7 P
6 9 -6 P
6 9 -5 P
6 9 -4 P
6 9 -3 P
6 9 -2 P
6 9 -1 P
6 9 0 P
6 9 1 P
6 9 2 P
6 9 3 P
6 9 4 P
6 9 5 P
6 9 6 P
6 9 7 P
6 9 8 P
6 9 9 P
6 9 10 P
6 9 11 P
6 9 12 P
6 9 13 P
6 9 14 P
6 9 15 P
6 9 16 P
6 9 17 P
6 9 18 P
6 9 19 P
6 9 20 P
6 9 21 P
6 9 22 P
6 9 23 P
6 9 24 P
6 9 25 P
6 9 26 P
6 9 27 P
6 9 28 P
6 9 29 P
6 10 -29 P
6 10 -28 P
6 10 -27 P
6 10 -26 P
6 10 -25 P
6 10 -24 P
6 10 -23 P
6 10 -22 P
6 10 -21 P
6 10 -20 P
6 10 -19 P
6 10 -18 P
6 10 -17 P
6 10 -16 P
6 10 -15 P
6 10 -14 P
6 10 -13 P
6 10 -12 P
6 10 -11 P
6 10 -10 P
6 10 -9 P
6 10 -8 P
6 10 -7 P
6 10 -6 P
6 10 -5 P
6 10 -4 P
6 10 -3 P
6 10 -2 P
6 10 -1 P
6 10 0 P
6 10 1 P
6 10 2 P
6 10 3 P
6 10 4 P
6 10 5 P
6 10 6 P
6 10 7 P
6 10 8 P
6 10 9 P
6 10 10 P
6 10 11 P
6 10 12 P
6 10 13 P
6 10 14 P
6 10 15 P
6 10 16 P
6 10 17 P
6 10 18 P
6 10 19 P
6 10 20 P
6 10 21 P
6 10 22 P
6 10 23 P
6 10 24 P
6 10 25 P
6 10 26 P
6 10 27 P
6 10 28 P
6 11 -29 P
6 11 -28 P
6 11 -27 P
6 11 -26 P
6 11 -25 P
6 11 -24 P
6 11 -23 P
6 11 -22 P
6 11 -21 P
6 11 -20 P
6 11 -19 P
6 11 -18 P
6 11 -17 P
6 11 -16 P
6 11 -15 P
6 11 -14 P
6 11 -13 P
6 11 -12 P
6 11 -11 P
6 11 -10 P
6 11 -9 P
6 11 -8 P
6 11 -7 P
6 11 -6 P
6 11 -5 P
6 11 -4 P
6 11 -3 P
6 11 -2 P
6 11 -1 P
6 11 0 P
6 11 1 P
6 11 2 P
6 11 3 P
6 11 4 P
6 11 5 P
6 11 6 P
6 11 7 P
6 11 8 P
6 11 9 P
6 11 10 P
6 11 11 P
6 11 12 P
6 11 13 P
6 11 14 P
6 11 15 P
6 11 16 P
6 11 17 P
6 11 18 P
6 11 19 P
6 11 20 P
6 11 21 P
6 11 22 P
6 11 23 P
6 11 24 P
6 11 25 P
6 11 26 P
6 11 27 H
6 12 -29 P
6 12 -28 P
6 12 -27 P
6 12 -26 P
6 12 -25 P
6 12 -24 P
6 12 -23 P
6 12 -22 P
6 12 -21 P
6 12 -20 P
6 12 -19 P
6 12 -18 P
6 12 -17 P
6 12 -16 P
6 12 -15 P
6 12 -14 P
6 12 -13 P
6 12 -12 P
6 12 -11 P
6 12 -10 P
6 12 -9 P
6 12 -8 P
6 12 -7 P
6 12 -6 P
6 12 -5 P
6 12 -4 P
6 12 -3 P
6 12 -2 P
6 12 -1 P
6 12 0 P
6 12 1 P
6 12 2 P
6 12 3 P
6 12 4 P
6 12 5 P
6 12 6 P
6 12 7 P
6 12 8 P
6 12 9 P
6 12 10 P
6 12 11 P
6 12 12 P
6 12 13 P
6 12 14 P
6 12 15 P
6 12 16 P
6 12 17 P
6 12 18 P
6 12 19 P
6 12 20 P
6 12 21 P
6 12 22 P
6 12 23 P
6 12 24 P
6 13 -29 P
6 13 -28 P
6 13 -27 P
6 13 -26 P
6 13 -25 P
6 13 -24 P
6 13 -23 P
6 13 -22 P
6 13 -21 P
6 13 -20 P
6 13 -19 P
6 13 -18 P
6 13 -17 P
6 13 -16 P
6 13 -15 P
6 13 -14 P
6 13 -13 P
6 13 -12 P
6 13 -11 P
6 13 -10 P
6 13 -9 P
6 13 -8 P
6 13 -7 P
6 13 -6 P
6 13 -5 P
6 13 -4 P
6 13 -3 P
6 13 -2 P
6 13 -1 P
6 13 0 P
6 13 1 P
6 13 2 P
6 13 3 P
6 13 4 P
6 13 5 P
6 13 6 P
6 13 7 P
6 13 8 P
6 13 9 P
6 13 10 P
6 13 11 P
6 13 12 P
6 13 13 P
6 13 14 P
6 13 15 P
6 13 16 P
6 13 17 P
6 14 -29 P
6 14 -28 P
6 14 -27 P
6 14 -26 P
6 14 -25 P
6 14 -24 P
6 14 -23 P
6 14 -22 P
6 14 -21 P
6 14 -20 P
6 14 -19 P
6 14 -18 P
6 14 -17 P
6 14 -16 P
6 14 -15 P
6 14 -14 P
6 14 -13 P
6 14 -12 P
6 14 -11 P
6 14 -10 P
6 14 -9 P
6 14 -8 P
6 14 -7 P
6 14 -6 P
6 14 -5 P
6 14 -4 P
6 14 -3 P
6 14 -2 P
6 14 -1 P
6 14 0 P
6 14 1 P
6 14 2 P
6 14 3 P
6 14 4 P
6 14 5 P
6 14 6 P
6 14 7 P
6 14 8 P
6 14 9 P
6 14 10 P
6 14 11 P
6 14 12 P
6 14 13 G
6 15 -29 P
6 15 -28 P
6 15 -27 P
6 15 -26 P
6 15 -25 P
6 15 -24 P
6 15 -23 P
6 15 -22 P
6 15 -21 P
6 15 -20 P
6 15 -19 P
6 15 -18 P
6 15 -17 P
6 15 -16 P
6 15 -15 P
6 15 -14 P
6 15 -13 P
6 15 -12 P
6 15 -11 P
6 15 -10 P
6 15 -9 P
6 15 -8 P
6 15 -7 P
6 15 -6 P
6 15 -5 P
6 15 -4 P
6 15 -3 P
6 15 -2 P
6 15 -1 P
6 15 0 P
6 15 1 P
6 15 2 P
6 15 3 P
6 15 4 P
6 15 5 P
6 15 6 P
6 15 7 P
6 15 8 P
6 15 9 P
6 15 10 P
6 15 11 G
6 15 12 P
6 16 -28 G
6 16 -27 P
6 16 -26 P
6 16 -25 P
6 16 -24 P
6 16 -23 P
6 16 -22 P
6 16 -21 P
6 16 -20 P
6 16 -19 P
6 16 -18 P
6 16 -17 P
6 16 -16 P
6 16 -15 P
6 16 -14 P
6 16 -13 P
6 16 -12 P
6 16 -11 P
6 16 -10 P
6 16 -9 P
6 16 -8 P
6 16 -7 P
6 16 -6 P
6 16 -5 P
6 16 -4 P
6 16 -3 P
6 16 -2 P
6 16 -1 P
6 16 0 P
6 16 1 P
6 16 2 P
6 16 3 P
6 16 4 P
6 16 5 P
6 16 6 P
6 16 7 P
6 16 8 P
6 16 9 P
6 16 10 G
6 17 -28 G
6 17 -27 P
6 17 -26 P
6 17 -25 P
6 17 -24 P
6 17 -23 P
6 17 -22 P
6 17 -21 P
6 17 -20 P
6 17 -19 P
6 17 -18 P
6 17 -17 P
6 17 -16 P
6 17 -15 P
6 17 -14 P
6 17 -13 P
6 17 -12 P
6 17 -11 P
6 17 -10 P
6 17 -9 P
6 17 -8 P
6 17 -7 P
6 17 -6 P
6 17 -5 P
6 17 -4 P
6 17 -3 P
6 17 -2 P
6 17 -1 P
6 17 0 P
6 17 1 P
6 17 2 P
6 17 3 P
6 17 4 P
6 17 5 P
6 17 6 P
6 17 7 P
6 17 8 G
6 17 9 G
6 18 -28 G
6 18 -27 P
6 18 -26 P
6 18 -25 P
6 18 -24 P
6 18 -23 P
6 18 -22 P
6 18 -21 P
6 18 -20 P
6 18 -19 P
6 18 -18 P
6 18 -17 P
6 18 -16 P
6 18 -15 P
6 18 -14 P
6 18 -13 P
6 18 -12 P
6 18 -11 P
6 18 -10 P
6 18 -9 P
6 18 -8 P
6 18 -7 P
6 18 -6 P
6 18 -5 P
6 18 -4 P
6 18 -3 P
6 18 -2 P
6 18 -1 P
6 18 0 P
6 18 1 P
6 18 2 P
6 18 3 P
6 18 4 P
6 18 5 P
6 18 6 P
6 18 7 G
6 19 -27 P
6 19 -26 G
6 19 -25 P
6 19 -24 P
6 19 -23 P
6 19 -22 P
6 19 -21 P
6 19 -20 P
6 19 -19 P
6 19 -18 P
6 19 -17 P
6 19 -16 P
6 19 -15 P
6 19 -14 P
6 19 -13 P
6 19 -12 P
6 19 -11 P
6 19 -10 P
6 19 -9 P
6 19 -8 P
6 19 -7 P
6 19 -6 P
6 19 -5 P
6 19 -4 P
6 19 -3 P
6 19 -2 P
6 19 -1 P
6 19 0 P
6 19 1 P
6 19 2 P
6 19 3 P
6 19 4 P
6 19 5 P
6 19 6 G
6 20 -25 G
6 20 -24 G
6 20 -23 P
6 20 -22 P
6 20 -21 P
6 20 -20 P
6 20 -19 P
6 20 -18 P
6 20 -17 P
6 20 -16 P
6 20 -15 P
6 20 -14 P
6 20 -13 P
6 20 -12 P
6 20 -11 P
6 20 -10 P
6 20 -9 P
6 20 -8 P
6 20 -7 P
6 20 -6 P
6 20 -5 P
6 20 -4 P
6 20 -3 P
6 20 -2 P
6 20 -1 P
6 20 0 P
6 20 1 P
6 20 2 P
6 20 3 P
6 20 4 C
6 20 5 C
7 5 -26 P
7 5 -25 P
7 5 -24 P
7 5 -23 P
7 5 -22 P
7 5 -21 P
7 5 -20 P
7 5 -19 P
7 5 -18 P
7 5 -17 P
7 5 -16 P
7 5 -15 P
7 5 -14 P
7 5 -13 P
7 5 -12 P
7 5 -11 P
7 5 -10 P
7 5 -9 P
7 5 -8 P
7 5 -7 P
7 5 -6 P
7 5 -5 P
7 5 -4 P
7 5 -3 P
7 5 -2 P
7 5 -1 P
7 5 0 P
7 5 1 P
7 5 2 P
7 5 3 P
7 5 4 P
7 5 5 P
7 5 6 P
7 5 7 P
7 5 8 P
7 5 9 P
7 5 10 P
7 5 11 P
7 5 12 P
7 5 13 P
7 5 14 P
7 5 15 P
7 5 16 P
7 5 17 P
7 5 18 P
7 5 19 P
7 5 20 P
7 5 21 P
7 5 22 P
7 5 23 P
7 5 24 P
7 5 25 P
7 5 26 P
7 5 27 P
7 5 28 P
7 6 -29 B
7 6 -28 B
7 6 -27 B
7 6 -26 P
7 6 -25 P
7 6 -24 P
7 6 -23 P
7 6 -22 P
7 6 -21 P
7 6 -20 P
7 6 -19 P
7 6 -18 P
7 6 -17 P
7 6 -16 P
7 6 -15 P
7 6 -14 P
7 6 -13 P
7 6 -12 P
7 6 -11 P
7 6 -10 P
7 6 -9 P
7 6 -8 P
7 6 -7 P
7 6 -6 P
7 6 -5 P
7 6 -4 P
7 6 -3 P
7 6 -2 P
7 6 -1 P
7 6 0 P
7 6 1 P
7 6 2 P
7 6 3 P
7 6 4 P
7 6 5 P
7 6 6 P
7 6 7 P
7 6 8 P
7 6 9 P
7 6 10 P
7 6 11 P
7 6 12 P
7 6 13 P
7 6 14 P
7 6 15 P
7 6 16 P
7 6 17 P
7 6 18 P
7 6 19 P
7 6 20 P
7 6 21 P
7 6 22 P
7 6 23 P
7 6 24 P
7 6 25 P
7 6 26 P
7 6 27 P
7 6 28 B
7 7 -29 B
7 7 -28 P
7 7 -27 P
7 7 -26 P
7 7 -25 P
7 7 -24 P
7 7 -23 P
7 7 -22 P
7 7 -21 P
7 7 -20 P
7 7 -19 P
7 7 -18 P
7 7 -17 P
7 7 -16 P
7 7 -15 P
7 7 -14 P
7 7 -13 P
7 7 -12 P
7 7 -11 P
7 7 -10 P
7 7 -9 P
7 7 -8 P
7 7 -7 P
7 7 -6 P
7 7 -5 P
7 7 -4 P
7 7 -3 P
7 7 -2 P
7 7 -1 P
7 7 0 P
7 7 1 P
7 7 2 P
7 7 3 P
7 7 4 P
7 7 5 P
7 7 6 P
7 7 7 P
7 7 8 P
7 7 9 P
7 7 10 P
7 7 11 P
7 7 12 P
7 7 13 P
7 7 14 P
7 7 15 P
7 7 16 P
7 7 17 P
7 7 18 P
7 7 19 P
7 7 20 P
7 7 21 P
7 7 22 P
7 7 23 P
7 7 24 P
7 7 25 P
7 7 26 P
7 7 27 P
7 7 28 B
7 8 -29 B
7 8 -28 P
7 8 -27 P
7 8 -26 P
7 8 -25 P
7 8 -24 P
7 8 -23 P
7 8 -22 P
7 8 -21 P
7 8 -20 P
7 8 -19 P
7 8 -18 P
7 8 -17 P
7 8 -16 P
7 8 -15 P
7 8 -14 P
7 8 -13 P
7 8 -12 P
7 8 -11 P
7 8 -10 P
7 8 -9 P
7 8 -8 P
7 8 -7 P
7 8 -6 P
7 8 -5 P
7 8 -4 P
7 8 -3 P
7 8 -2 P
7 8 -1 P
7 8 0 P
7 8 1 P
7 8 2 P
7 8 3 P
7 8 4 P
7 8 5 P
7 8 6 P
7 8 7 P
7 8 8 P
7 8 9 P
7 8 10 P
7 8 11 P
7 8 12 P
7 8 13 P
7 8 14 P
7 8 15 P
7 8 16 P
7 8 17 P
7 8 18 P
7 8 19 P
7 8 20 P
7 8 21 P
7 8 22 P
7 8 23 P
7 8 24 P
7 8 25 P
7 8 26 P
7 8 27 P
7 8 28 B
7 9 -29 P
7 9 -28 P
7 9 -27 P
7 9 -26 P
7 9 -25 P
7 9 -24 P
7 9 -23 P
7 9 -22 P
7 9 -21 P
7 9 -20 P
7 9 -19 P
7 9 -18 P
7 9 -17 P
7 9 -16 P
7 9 -15 P
7 9 -14 P
7 9 -13 P
7 9 -12 P
7 9 -11 P
7 9 -10 P
7 9 -9 P
7 9 -8 P
7 9 -7 P
7 9 -6 P
7 9 -5 P
7 9 -4 P
7 9 -3 P
7 9 -2 P
7 9 -1 P
7 9 0 P
7 9 1 P
7 9 2 P
7 9 3 P
7 9 4 P
7 9 5 P
7 9 6 P
7 9 7 P
7 9 8 P
7 9 9 P
7 9 10 P
7 9 11 P
7 9 12 P
7 9 13 P
7 9 14 P
7 9 15 P
7 9 16 P
7 9 17 P
7 9 18 P
7 9 19 P
7 9 20 P
7 9 21 P
7 9 22 P
7 9 23 P
7 9 24 P
7 9 25 P
7 9 26 P
7 9 27 P
7 9 28 P
7 10 -29 P
7 10 -28 P
7 10 -27 P
7 10 -26 P
7 10 -25 P
7 10 -24 P
7 10 -23 P
7 10 -22 P
7 10 -21 P
7 10 -20 P
7 10 -19 P
7 10 -18 P
7 10 -17 P
7 10 -16 P
7 10 -15 P
7 10 -14 P
7 10 -13 P
7 10 -12 P
7 10 -11 P
7 10 -10 P
7 10 -9 P
7 10 -8 P
7 10 -7 P
7 10 -6 P
7 10 -5 P
7 10 -4 P
7 10 -3 P
7 10 -2 P
7 10 -1 P
7 10 0 P
7 10 1 P
7 10 2 P
7 10 3 P
7 10 4 P
7 10 5 P
7 10 6 P
7 10 7 P
7 10 8 P
7 10 9 P
7 10 10 P
7 10 11 P
7 10 12 P
7 10 13 P
7 10 14 P
7 10 15 P
7 10 16 P
7 10 17 P
7 10 18 P
7 10 19 P
7 10 20 P
7 10 21 P
7 10 22 P
7 10 23 P
7 10 24 P
7 10 25 P
7 10 26 P
7 10 27 P
7 10 28 P
7 11 -29 P
7 11 -28 P
7 11 -27 P
7 11 -26 P
7 11 -25 P
7 11 -24 P
7 11 -23 P
7 11 -22 P
7 11 -21 P
7 11 -20 P
7 11 -19 P
7 11 -18 P
7 11 -17 P
7 11 -16 P
7 11 -15 P
7 11 -14 P
7 11 -13 P
7 11 -12 P
7 11 -11 P
7 11 -10 P
7 11 -9 P
7 11 -8 P
7 11 -7 P
7 11 -6 P
7 11 -5 P
7 11 -4 P
7 11 -3 P
7 11 -2 P
7 11 -1 P
7 11 0 P
7 11 1 P
7 11 2 P
7 11 3 P
7 11 4 P
7 11 5 P
7 11 6 P
7 11 7 P
7 11 8 P
7 11 9 P
7 11 10 P
7 11 11 P
7 11 12 P
7 11 13 P
7 11 14 P
7 11 15 P
7 11 16 P
7 11 17 P
7 11 18 P
7 11 19 P
7 11 20 P
7 11 21 P
7 11 22 P
7 11 23 P
7 11 24 P
7 11 25 P
7 11 26 P
7 11 27 H
7 12 -29 P
7 12 -28 P
7 12 -27 P
7 12 -26 P
7 12 -25 P
7 12 -24 P
7 12 -23 P
7 12 -22 P
7 12 -21 P
7 12 -20 P
7 12 -19 P
7 12 -18 P
7 12 -17 P
7 12 -16 P
7 12 -15 P
7 12 -14 P
7 12 -13 P
7 12 -12 P
7 12 -11 P
7 12 -10 P
7 12 -9 P
7 12 -8 P
7 12 -7 P
7 12 -6 P
7 12 -5 P
7 12 -4 P
7 12 -3 P
7 12 -2 P
7 12 -1 P
7 12 0 P
7 12 1 P
7 12 2 P
7 12 3 P
7 12 4 P
7 12 5 P
7 12 6 P
7 12 7 P
7 12 8 P
7 12 9 P
7 12 10 P
7 12 11 P
7 12 12 P
7 12 13 P
7 12 14 P
7 12 15 P
7 12 16 P
7 12 17 P
7 12 18 P
7 12 19 P
7 12 20 P
7 12 21 P
7 12 22 P
7 12 23 P
7 13 -29 P
7 13 -28 P
7 13 -27 P
7 13 -26 P
7 13 -25 P
7 13 -24 P
7 13 -23 P
7 13 -22 P
7 13 -21 P
7 13 -20 P
7 13 -19 P
7 13 -18 P
7 13 -17 P
7 13 -16 P
7 13 -15 P
7 13 -14 P
7 13 -13 P
7 13 -12 P
7 13 -11 P
7 13 -10 P
7 13 -9 P
7 13 -8 P
7 13 -7 P
7 13 -6 P
7 13 -5 P
7 13 -4 P
7 13 -3 P
7 13 -2 P
7 13 -1 P
7 13 0 P
7 13 1 P
7 13 2 P
7 13 3 P
7 13 4 P
7 13 5 P
7 13 6 P
7 13 7 P
7 13 8 P
7 13 9 P
7 13 10 P
7 13 11 P
7 13 12 P
7 13 13 P
7 13 14 P
7 13 15 P
7 13 16 P
7 13 17 P
7 14 -29 P
7 14 -28 P
7 14 -27 P
7 14 -26 P
7 14 -25 P
7 14 -24 P
7 14 -23 P
7 14 -22 P
7 14 -21 P
7 14 -20 P
7 14 -19 P
7 14 -18 P
7 14 -17 P
7 14 -16 P
7 14 -15 P
7 14 -14 P
7 14 -13 P
7 14 -12 P
7 14 -11 P
7 14 -10 P
7 14 -9 P
7 14 -8 P
7 14 -7 P
7 14 -6 P
7 14 -5 P
7 14 -4 P
7 14 -3 P
7 14 -2 P
7 14 -1 P
7 14 0 P
7 14 1 P
7 14 2 P
7 14 3 P
7 14 4 P
7 14 5 P
7 14 6 P
7 14 7 P
7 14 8 P
7 14 9 P
7 14 10 P
7 14 11 P
7 14 12 G
7 14 13 G
7 15 -29 P
7 15 -28 P
7 15 -27 P
7 15 -26 P
7 15 -25 P
7 15 -24 P
7 15 -23 P
7 15 -22 P
7 15 -21 P
7 15 -20 P
7 15 -19 P
7 15 -18 P
7 15 -17 P
7 15 -16 P
7 15 -15 P
7 15 -14 P
7 15 -13 P
7 15 -12 P
7 15 -11 P
7 15 -10 P
7 15 -9 P
7 15 -8 P
7 15 -7 P
7 15 -6 P
7 15 -5 P
7 15 -4 P
7 15 -3 P
7 15 -2 P
7 15 -1 P
7 15 0 P
7 15 1 P
7 15 2 P
7 15 3 P
7 15 4 P
7 15 5 P
7 15 6 P
7 15 7 P
7 15 8 P
7 15 9 P
7 15 10 P
7 15 11 G
7 16 -28 G
7 16 -27 P
7 16 -26 P
7 16 -25 P
7 16 -24 P
7 16 -23 P
7 16 -22 P
7 16 -21 P
7 16 -20 P
7 16 -19 P
7 16 -18 P
7 16 -17 P
7 16 -16 P
7 16 -15 P
7 16 -14 P
7 16 -13 P
7 16 -12 P
7 16 -11 P
7 16 -10 P
7 16 -9 P
7 16 -8 P
7 16 -7 P
7 16 -6 P
7 16 -5 P
7 16 -4 P
7 16 -3 P
7 16 -2 P
7 16 -1 P
7 16 0 P
7 16 1 P
7 16 2 P
7 16 3 P
7 16 4 P
7 16 5 P
7 16 6 P
7 16 7 P
7 16 8 P
7 16 9 P
7 16 10 G
7 17 -28 G
7 17 -27 P
7 17 -26 P
7 17 -25 P
7 17 -24 P
7 17 -23 P
7 17 -22 P
7 17 -21 P
7 17 -20 P
7 17 -19 P
7 17 -18 P
7 17 -17 P
7 17 -16 P
7 17 -15 P
7 17 -14 P
7 17 -13 P
7 17 -12 P
7 17 -11 P
7 17 -10 P
7 17 -9 P
7 17 -8 P
7 17 -7 P
7 17 -6 P
7 17 -5 P
7 17 -4 P
7 17 -3 P
7 17 -2 P
7 17 -1 P
7 17 0 P
7 17 1 P
7 17 2 P
7 17 3 P
7 17 4 P
7 17 5 P
7 17 6 P
7 17 7 P
7 17 8 G
7 17 9 P
7 18 -27 G
7 18 -26 P
7 18 -25 P
7 18 -24 P
7 18 -23 P
7 18 -22 P
7 18 -21 P
7 18 -20 P
7 18 -19 P
7 18 -18 P
7 18 -17 P
7 18 -16 P
7 18 -15 P
7 18 -14 P
7 18 -13 P
7 18 -12 P
7 18 -11 P
7 18 -10 P
7 18 -9 P
7 18 -8 P
7 18 -7 P
7 18 -6 P
7 18 -5 P
7 18 -4 P
7 18 -3 P
7 18 -2 P
7 18 -1 P
7 18 0 P
7 18 1 P
7 18 2 P
7 18 3 P
7 18 4 P
7 18 5 P
7 18 6 P
7 18 7 G
7 19 -26 G
7 19 -25 P
7 19 -24 P
7 19 -23 P
7 19 -22 P
7 19 -21 P
7 19 -20 P
7 19 -19 P
7 19 -18 P
7 19 -17 P
7 19 -16 P
7 19 -15 P
7 19 -14 P
7 19 -13 P
7 19 -12 P
7 19 -11 P
7 19 -10 P
7 19 -9 P
7 19 -8 P
7 19 -7 P
7 19 -6 P
7 19 -5 P
7 19 -4 P
7 19 -3 P
7 19 -2 P
7 19 -1 P
7 19 0 P
7 19 1 P
7 19 2 P
7 19 3 P
7 19 4 P
7 19 5 P
7 19 6 G
7 20 -25 P
7 20 -24 G
7 20 -23 P
7 20 -22 P
7 20 -21 P
7 20 -20 P
7 20 -19 P
7 20 -18 P
7 20 -17 P
7 20 -16 P
7 20 -15 P
7 20 -14 P
7 20 -13 P
7 20 -12 P
7 20 -11 P
7 20 -10 P
7 20 -9 P
7 20 -8 P
7 20 -7 P
7 20 -6 P
7 20 -5 C
7 20 -4 C
7 20 -3 C
7 20 -2 C
7 20 -1 C
7 20 0 C
7 20 1 C
7 20 2 C
7 20 3 C
7 20 4 C
8 5 -26 P
8 5 -25 P
8 5 -24 P
8 5 -23 P
8 5 -22 P
8 5 -21 P
8 5 -20 P
8 5 -19 P
8 5 -18 P
8 5 -17 P
8 5 -16 P
8 5 -15 P
8 5 -14 P
8 5 -13 P
8 5 -12 P
8 5 -11 P
8 5 -10 P
8 5 -9 P
8 5 -8 P
8 5 -7 P
8 5 -6 P
8 5 -5 P
8 5 -4 P
8 5 -3 P
8 5 -2 P
8 5 -1 P
8 5 0 P
8 5 1 P
8 5 2 P
8 5 3 P
8 5 4 P
8 5 5 P
8 5 6 P
8 5 7 P
8 5 8 P
8 5 9 P
8 5 10 P
8 5 11 P
8 5 12 P
8 5 13 P
8 5 14 P
8 5 15 P
8 5 16 P
8 5 17 P
8 5 18 P
8 5 19 P
8 5 20 P
8 5 21 P
8 5 22 P
8 5 23 P
8 5 24 P
8 5 25 P
8 5 26 P
8 5 27 P
8 6 -28 B
8 6 -27 B
8 6 -26 P
8 6 -25 P
8 6 -24 P
8 6 -23 P
8 6 -22 P
8 6 -21 P
8 6 -20 P
8 6 -19 P
8 6 -18 P
8 6 -17 P
8 6 -16 P
8 6 -15 P
8 6 -14 P
8 6 -13 P
8 6 -12 P
8 6 -11 P
8 6 -10 P
8 6 -9 P
8 6 -8 P
8 6 -7 P
8 6 -6 P
8 6 -5 P
8 6 -4 P
8 6 -3 P
8 6 -2 P
8 6 -1 P
8 6 0 P
8 6 1 P
8 6 2 P
8 6 3 P
8 6 4 P
8 6 5 P
8 6 6 P
8 6 7 P
8 6 8 P
8 6 9 P
8 6 10 P
8 6 11 P
8 6 12 P
8 6 13 P
8 6 14 P
8 6 15 P
8 6 16 P
8 6 17 P
8 6 18 P
8 6 19 P
8 6 20 P
8 6 21 P
8 6 22 P
8 6 23 P
8 6 24 P
8 6 25 P
8 6 26 P
8 6 27 B
8 7 -29 B
8 7 -28 P
8 7 -27 P
8 7 -26 P
8 7 -25 P
8 7 -24 P
8 7 -23 P
8 7 -22 P
8 7 -21 P
8 7 -20 P
8 7 -19 P
8 7 -18 P
8 7 -17 P
8 7 -16 P
8 7 -15 P
8 7 -14 P
8 7 -13 P
8 7 -12 P
8 7 -11 P
8 7 -10 P
8 7 -9 P
8 7 -8 P
8 7 -7 P
8 7 -6 P
8 7 -5 P
8 7 -4 P
8 7 -3 P
8 7 -2 P
8 7 -1 P
8 7 0 P
8 7 1 P
8 7 2 P
8 7 3 P
8 7 4 P
8 7 5 P
8 7 6 P
8 7 7 P
8 7 8 P
8 7 9 P
8 7 10 P
8 7 11 P
8 7 12 P
8 7 13 P
8 7 14 P
8 7 15 P
8 7 16 P
8 7 17 P
8 7 18 P
8 7 19 P
8 7 20 P
8 7 21 P
8 7 22 P
8 7 23 P
8 7 24 P
8 7 25 P
8 7 26 P
8 7 27 B
8 8 -29 B
8 8 -28 P
8 8 -27 P
8 8 -26 P
8 8 -25 P
8 8 -24 P
8 8 -23 P
8 8 -22 P
8 8 -21 P
8 8 -20 P
8 8 -19 P
8 8 -18 P
8 8 -17 P
8 8 -16 P
8 8 -15 P
8 8 -14 P
8 8 -13 P
8 8 -12 P
8 8 -11 P
8 8 -10 P
8 8 -9 P
8 8 -8 P
8 8 -7 P
8 8 -6 P
8 8 -5 P
8 8 -4 P
8 8 -3 P
8 8 -2 P
8 8 -1 P
8 8 0 P
8 8 1 P
8 8 2 P
8 8 3 P
8 8 4 P
8 8 5 P
8 8 6 P
8 8 7 P
8 8 8 P
8 8 9 P
8 8 10 P
8 8 11 P
8 8 12 P
8 8 13 P
8 8 14 P
8 8 15 P
8 8 16 P
8 8 17 P
8 8 18 P
8 8 19 P
8 8 20 P
8 8 21 P
8 8 22 P
8 8 23 P
8 8 24 P
8 8 25 P
8 8 26 P
8 8 27 B
8 9 -29 P
8 9 -28 P
8 9 -27 P
8 9 -26 P
8 9 -25 P
8 9 -24 P
8 9 -23 P
8 9 -22 P
8 9 -21 P
8 9 -20 P
8 9 -19 P
8 9 -18 P
8 9 -17 P
8 9 -16 P
8 9 -15 P
8 9 -14 P
8 9 -13 P
8 9 -12 P
8 9 -11 P
8 9 -10 P
8 9 -9 P
8 9 -8 P
8 9 -7 P
8 9 -6 P
8 9 -5 P
8 9 -4 P
8 9 -3 P
8 9 -2 P
8 9 -1 P
8 9 0 P
8 9 1 P
8 9 2 P
8 9 3 P
8 9 4 P
8 9 5 P
8 9 6 P
8 9 7 P
8 9 8 P
8 9 9 P
8 9 10 P
8 9 11 P
8 9 12 P
8 9 13 P
8 9 14 P
8 9 15 P
8 9 16 P
8 9 17 P
8 9 18 P
8 9 19 P
8 9 20 P
8 9 21 P
8 9 22 P
8 9 23 P
8 9 24 P
8 9 25 P
8 9 26 P
8 9 27 P
8 10 -29 P
8 10 -28 P
8 10 -27 P
8 10 -26 P
8 10 -25 P
8 10 -24 P
8 10 -23 P
8 10 -22 P
8 10 -21 P
8 10 -20 P
8 10 -19 P
8 10 -18 P
8 10 -17 P
8 10 -16 P
8 10 -15 P
8 10 -14 P
8 10 -13 P
8 10 -12 P
8 10 -11 P
8 10 -10 P
8 10 -9 P
8 10 -8 P
8 10 -7 P
8 10 -6 P
8 10 -5 P
8 10 -4 P
8 10 -3 P
8 10 -2 P
8 10 -1 P
8 10 0 P
8 10 1 P
8 10 2 P
8 10 3 P
8 10 4 P
8 10 5 P
8 10 6 P
8 10 7 P
8 10 8 P
8 10 9 P
8 10 10 P
8 10 11 P
8 10 12 P
8 10 13 P
8 10 14 P
8 10 15 P
8 10 16 P
8 10 17 P
8 10 18 P
8 10 19 P
8 10 20 P
8 10 21 P
8 10 22 P
8 10 23 P
8 10 24 P
8 10 25 P
8 10 26 P
8 10 27 P
8 11 -29 P
8 11 -28 P
8 11 -27 P
8 11 -26 P
8 11 -25 P
8 11 -24 P
8 11 -23 P
8 11 -22 P
8 11 -21 P
8 11 -20 P
8 11 -19 P
8 11 -18 P
8 11 -17 P
8 11 -16 P
8 11 -15 P
8 11 -14 P
8 11 -13 P
8 11 -12 P
8 11 -11 P
8 11 -10 P
8 11 -9 P
8 11 -8 P
8 11 -7 P
8 11 -6 P
8 11 -5 P
8 11 -4 P
8 11 -3 P
8 11 -2 P
8 11 -1 P
8 11 0 P
8 11 1 P
8 11 2 P
8 11 3 P
8 11 4 P
8 11 5 P
8 11 6 P
8 11 7 P
8 11 8 P
8 11 9 P
8 11 10 P
8 11 11 P
8 11 12 P
8 11 13 P
8 11 14 P
8 11 15 P
8 11 16 P
8 11 17 P
8 11 18 P
8 11 19 P
8 11 20 P
8 11 21 P
8 11 22 P
8 11 23 P
8 11 24 P
8 11 25 P
8 11 26 H
8 12 -29 P
8 12 -28 P
8 12 -27 P
8 12 -26 P
8 12 -25 P
8 12 -24 P
8 12 -23 P
8 12 -22 P
8 12 -21 P
8 12 -20 P
8 12 -19 P
8 12 -18 P
8 12 -17 P
8 12 -16 P
8 12 -15 P
8 12 -14 P
8 12 -13 P
8 12 -12 P
8 12 -11 P
8 12 -10 P
8 12 -9 P
8 12 -8 P
8 12 -7 P
8 12 -6 P
8 12 -5 P
8 12 -4 P
8 12 -3 P
8 12 -2 P
8 12 -1 P
8 12 0 P
8 12 1 P
8 12 2 P
8 12 3 P
8 12 4 P
8 12 5 P
8 12 6 P
8 12 7 P
8 12 8 P
8 12 9 P
8 12 10 P
8 12 11 P
8 12 12 P
8 12 13 P
8 12 14 P
8 12 15 P
8 12 16 P
8 12 17 P
8 12 18 P
8 12 19 P
8 12 20 P
8 12 21 P
8 12 22 P
8 12 23 P
8 13 -29 P
8 13 -28 P
8 13 -27 P
8 13 -26 P
8 13 -25 P
8 13 -24 P
8 13 -23 P
8 13 -22 P
8 13 -21 P
8 13 -20 P
8 13 -19 P
8 13 -18 P
8 13 -17 P
8 13 -16 P
8 13 -15 P
8 13 -14 P
8 13 -13 P
8 13 -12 P
8 13 -11 P
8 13 -10 P
8 13 -9 P
8 13 -8 P
8 13 -7 P
8 13 -6 P
8 13 -5 P
8 13 -4 P
8 13 -3 P
8 13 -2 P
8 13 -1 P
8 13 0 P
8 13 1 P
8 13 2 P
8 13 3 P
8 13 4 P
8 13 5 P
8 13 6 P
8 13 7 P
8 13 8 P
8 13 9 P
8 13 10 P
8 13 11 P
8 13 12 P
8 13 13 P
8 13 14 P
8 13 15 P
8 13 16 P
8 14 -29 P
8 14 -28 P
8 14 -27 P
8 14 -26 P
8 14 -25 P
8 14 -24 P
8 14 -23 P
8 14 -22 P
8 14 -21 P
8 14 -20 P
8 14 -19 P
8 14 -18 P
8 14 -17 P
8 14 -16 P
8 14 -15 P
8 14 -14 P
8 14 -13 P
8 14 -12 P
8 14 -11 P
8 14 -10 P
8 14 -9 P
8 14 -8 P
8 14 -7 P
8 14 -6 P
8 14 -5 P
8 14 -4 P
8 14 -3 P
8 14 -2 P
8 14 -1 P
8 14 0 P
8 14 1 P
8 14 2 P
8 14 3 P
8 14 4 P
8 14 5 P
8 14 6 P
8 14 7 P
8 14 8 P
8 14 9 P
8 14 10 P
8 14 11 P
8 14 12 G
8 14 13 P
8 15 -28 P
8 15 -27 P
8 15 -26 P
8 15 -25 P
8 15 -24 P
8 15 -23 P
8 15 -22 P
8 15 -21 P
8 15 -20 P
8 15 -19 P
8 15 -18 P
8 15 -17 P
8 15 -16 P
8 15 -15 P
8 15 -14 P
8 15 -13 P
8 15 -12 P
8 15 -11 P
8 15 -10 P
8 15 -9 P
8 15 -8 P
8 15 -7 P
8 15 -6 P
8 15 -5 P
8 15 -4 P
8 15 -3 P
8 15 -2 P
8 15 -1 P
8 15 0 P
8 15 1 P
8 15 2 P
8 15 3 P
8 15 4 P
8 15 5 P
8 15 6 P
8 15 7 P
8 15 8 P
8 15 9 P
8 15 10 P
8 15 11 G
8 16 -28 P
8 16 -27 P
8 16 -26 P
8 16 -25 P
8 16 -24 P
8 16 -23 P
8 16 -22 P
8 16 -21 P
8 16 -20 P
8 16 -19 P
8 16 -18 P
8 16 -17 P
8 16 -16 P
8 16 -15 P
8 16 -14 P
8 16 -13 P
8 16 -12 P
8 16 -11 P
8 16 -10 P
8 16 -9 P
8 16 -8 P
8 16 -7 P
8 16 -6 P
8 16 -5 P
8 16 -4 P
8 16 -3 P
8 16 -2 P
8 16 -1 P
8 16 0 P
8 16 1 P
8 16 2 P
8 16 3 P
8 16 4 P
8 16 5 P
8 16 6 P
8 16 7 P
8 16 8 P
8 16 9 G
8 16 10 P
8 17 -28 P
8 17 -27 P
8 17 -26 P
8 17 -25 P
8 17 -24 P
8 17 -23 P
8 17 -22 P
8 17 -21 P
8 17 -20 P
8 17 -19 P
8 17 -18 P
8 17 -17 P
8 17 -16 P
8 17 -15 P
8 17 -14 P
8 17 -13 P
8 17 -12 P
8 17 -11 P
8 17 -10 P
8 17 -9 P
8 17 -8 P
8 17 -7 P
8 17 -6 P
8 17 -5 P
8 17 -4 P
8 17 -3 P
8 17 -2 P
8 17 -1 P
8 17 0 P
8 17 1 P
8 17 2 P
8 17 3 P
8 17 4 P
8 17 5 P
8 17 6 P
8 17 7 P
8 17 8 G
8 18 -27 P
8 18 -26 P
8 18 -25 P
8 18 -24 P
8 18 -23 P
8 18 -22 P
8 18 -21 P
8 18 -20 P
8 18 -19 P
8 18 -18 P
8 18 -17 P
8 18 -16 P
8 18 -15 P
8 18 -14 P
8 18 -13 P
8 18 -12 P
8 18 -11 P
8 18 -10 P
8 18 -9 P
8 18 -8 P
8 18 -7 P
8 18 -6 P
8 18 -5 P
8 18 -4 P
8 18 -3 P
8 18 -2 P
8 18 -1 P
8 18 0 P
8 18 1 P
8 18 2 P
8 18 3 P
8 18 4 P
8 18 5 P
8 18 6 P
8 18 7 G
8 19 -26 P
8 19 -25 G
8 19 -24 P
8 19 -23 P
8 19 -22 P
8 19 -21 P
8 19 -20 P
8 19 -19 P
8 19 -18 P
8 19 -17 P
8 19 -16 P
8 19 -15 P
8 19 -14 P
8 19 -13 P
8 19 -12 P
8 19 -11 P
8 19 -10 P
8 19 -9 P
8 19 -8 P
8 19 -7 P
8 19 -6 P
8 19 -5 P
8 19 -4 P
8 19 -3 P
8 19 -2 P
8 19 -1 P
8 19 0 P
8 19 1 P
8 19 2 P
8 19 3 P
8 19 4 P
8 19 5 P
8 19 6 P
8 20 -24 P
8 20 -23 P
8 20 -22 P
8 20 -21 P
8 20 -20 P
8 20 -19 P
8 20 -18 P
8 20 -17 P
8 20 -16 P
8 20 -15 P
8 20 -14 P
8 20 -13 P
8 20 -12 P
8 20 -11 P
8 20 -10 P
8 20 -9 P
8 20 -8 P
8 20 -7 P
8 20 -6 P
8 20 -5 C
8 20 -4 C
8 20 -3 C
8 20 -2 C
8 20 -1 C
8 20 0 C
8 20 1 C
8 20 2 C
8 20 3 C
9 5 -26 P
9 5 -25 P
9 5 -24 P
9 5 -23 P
9 5 -22 P
9 5 -21 P
9 5 -20 P
9 5 -19 P
9 5 -18 P
9 5 -17 P
9 5 -16 P
9 5 -15 P
9 5 -14 P
9 5 -13 P
9 5 -12 P
9 5 -11 P
9 5 -10 P
9 5 -9 P
9 5 -8 P
9 5 -7 P
9 5 -6 P
9 5 -5 P
9 5 -4 P
9 5 -3 P
9 5 -2 P
9 5 -1 P
9 5 0 P
9 5 1 P
9 5 2 P
9 5 3 P
9 5 4 P
9 5 5 P
9 5 6 P
9 5 7 P
9 5 8 P
9 5 9 P
9 5 10 P
9 5 11 P
9 5 12 P
9 5 13 P
9 5 14 P
9 5 15 P
9 5 16 P
9 5 17 P
9 5 18 P
9 5 19 P
9 5 20 P
9 5 21 P
9 5 22 P
9 5 23 P
9 5 24 P
9 5 25 P
9 6 -28 B
9 6 -27 B
9 6 -26 P
9 6 -25 P
9 6 -24 P
9 6 -23 P
9 6 -22 P
9 6 -21 P
9 6 -20 P
9 6 -19 P
9 6 -18 P
9 6 -17 P
9 6 -16 P
9 6 -15 P
9 6 -14 P
9 6 -13 P
9 6 -12 P
9 6 -11 P
9 6 -10 P
9 6 -9 P
9 6 -8 P
9 6 -7 P
9 6 -6 P
9 6 -5 P
9 6 -4 P
9 6 -3 P
9 6 -2 P
9 6 -1 P
9 6 0 P
9 6 1 P
9 6 2 P
9 6 3 P
9 6 4 P
9 6 5 P
9 6 6 P
9 6 7 P
9 6 8 P
9 6 9 P
9 6 10 P
9 6 11 P
9 6 12 P
9 6 13 P
9 6 14 P
9 6 15 P
9 6 16 P
9 6 17 P
9 6 18 P
9 6 19 P
9 6 20 P
9 6 21 P
9 6 22 P
9 6 23 P
9 6 24 P
9 6 25 P
9 6 26 B
9 7 -28 B
9 7 -27 B
9 7 -26 P
9 7 -25 P
9 7 -24 P
9 7 -23 P
9 7 -22 P
9 7 -21 P
9 7 -20 P
9 7 -19 P
9 7 -18 P
9 7 -17 P
9 7 -16 P
9 7 -15 P
9 7 -14 P
9 7 -13 P
9 7 -12 P
9 7 -11 P
9 7 -10 P
9 7 -9 P
9 7 -8 P
9 7 -7 P
9 7 -6 P
9 7 -5 P
9 7 -4 P
9 7 -3 P
9 7 -2 P
9 7 -1 P
9 7 0 P
9 7 1 P
9 7 2 P
9 7 3 P
9 7 4 P
9 7 5 P
9 7 6 P
9 7 7 P
9 7 8 P
9 7 9 P
9 7 10 P
9 7 11 P
9 7 12 P
9 7 13 P
9 7 14 P
9 7 15 P
9 7 16 P
9 7 17 P
9 7 18 P
9 7 19 P
9 7 20 P
9 7 21 P
9 7 22 P
9 7 23 P
9 7 24 B
9 7 25 B
9 7 26 B
9 8 -28 B
9 8 -27 B
9 8 -26 P
9 8 -25 P
9 8 -24 P
9 8 -23 P
9 8 -22 P
9 8 -21 P
9 8 -20 P
9 8 -19 P
9 8 -18 P
9 8 -17 P
9 8 -16 P
9 8 -15 P
9 8 -14 P
9 8 -13 P
9 8 -12 P
9 8 -11 P
9 8 -10 P
9 8 -9 P
9 8 -8 P
9 8 -7 P
9 8 -6 P
9 8 -5 P
9 8 -4 P
9 8 -3 P
9 8 -2 P
9 8 -1 P
9 8 0 P
9 8 1 P
9 8 2 P
9 8 3 P
9 8 4 P
9 8 5 P
9 8 6 P
9 8 7 P
9 8 8 P
9 8 9 P
9 8 10 P
9 8 11 P
9 8 12 P
9 8 13 P
9 8 14 P
9 8 15 P
9 8 16 P
9 8 17 P
9 8 18 P
9 8 19 P
9 8 20 P
9 8 21 P
9 8 22 P
9 8 23 P
9 8 24 P
9 8 25 P
9 8 26 B
9 9 -28 P
9 9 -27 P
9 9 -26 P
9 9 -25 P
9 9 -24 P
9 9 -23 P
9 9 -22 P
9 9 -21 P
9 9 -20 P
9 9 -19 P
9 9 -18 P
9 9 -17 P
9 9 -16 P
9 9 -15 P
9 9 -14 P
9 9 -13 P
9 9 -12 P
9 9 -11 P
9 9 -10 P
9 9 -9 P
9 9 -8 P
9 9 -7 P
9 9 -6 P
9 9 -5 P
9 9 -4 P
9 9 -3 P
9 9 -2 P
9 9 -1 P
9 9 0 P
9 9 1 P
9 9 2 P
9 9 3 P
9 9 4 P
9 9 5 P
9 9 6 P
9 9 7 P
9 9 8 P
9 9 9 P
9 9 10 P
9 9 11 P
9 9 12 P
9 9 13 P
9 9 14 P
9 9 15 P
9 9 16 P
9 9 17 P
9 9 18 P
9 9 19 P
9 9 20 P
9 9 21 P
9 9 22 P
9 9 23 P
9 9 24 P
9 9 25 P
9 9 26 P
9 10 -28 P
9 10 -27 P
9 10 -26 P
9 10 -25 P
9 10 -24 P
9 10 -23 P
9 10 -22 P
9 10 -21 P
9 10 -20 P
9 10 -19 P
9 10 -18 P
9 10 -17 P
9 10 -16 P
9 10 -15 P
9 10 -14 P
9 10 -13 P
9 10 -12 P
9 10 -11 P
9 10 -10 P
9 10 -9 P
9 10 -8 P
9 10 -7 P
9 10 -6 P
9 10 -5 P
9 10 -4 P
9 10 -3 P
9 10 -2 P
9 10 -1 P
9 10 0 P
9 10 1 P
9 10 2 P
9 10 3 P
9 10 4 P
9 10 5 P
9 10 6 P
9 10 7 P
9 10 8 P
9 10 9 P
9 10 10 P
9 10 11 P
9 10 12 P
9 10 13 P
9 10 14 P
9 10 15 P
9 10 16 P
9 10 17 P
9 10 18 P
9 10 19 P
9 10 20 P
9 10 21 P
9 10 22 P
9 10 23 P
9 10 24 P
9 10 25 P
9 10 26 P
9 11 -28 P
9 11 -27 P
9 11 -26 P
9 11 -25 P
9 11 -24 P
9 11 -23 P
9 11 -22 P
9 11 -21 P
9 11 -20 P
9 11 -19 P
9 11 -18 P
9 11 -17 P
9 11 -16 P
9 11 -15 P
9 11 -14 P
9 11 -13 P
9 11 -12 P
9 11 -11 P
9 11 -10 P
9 11 -9 P
9 11 -8 P
9 11 -7 P
9 11 -6 P
9 11 -5 P
9 11 -4 P
9 11 -3 P
9 11 -2 P
9 11 -1 P
9 11 0 P
9 11 1 P
9 11 2 P
9 11 3 P
9 11 4 P
9 11 5 P
9 11 6 P
9 11 7 P
9 11 8 P
9 11 9 P
9 11 10 P
9 11 11 P
9 11 12 P
9 11 13 P
9 11 14 P
9 11 15 P
9 11 16 P
9 11 17 P
9 11 18 P
9 11 19 P
9 11 20 P
9 11 21 P
9 11 22 P
9 11 23 P
9 11 24 P
9 11 25 H
9 12 -28 P
9 12 -27 P
9 12 -26 P
9 12 -25 P
9 12 -24 P
9 12 -23 P
9 12 -22 P
9 12 -21 P
9 12 -20 P
9 12 -19 P
9 12 -18 P
9 12 -17 P
9 12 -16 P
9 12 -15 P
9 12 -14 P
9 12 -13 P
9 12 -12 P
9 12 -11 P
9 12 -10 P
9 12 -9 P
9 12 -8 P
9 12 -7 P
9 12 -6 P
9 12 -5 P
9 12 -4 P
9 12 -3 P
9 12 -2 P
9 12 -1 P
9 12 0 P
9 12 1 P
9 12 2 P
9 12 3 P
9 12 4 P
9 12 5 P
9 12 6 P
9 12 7 P
9 12 8 P
9 12 9 P
9 12 10 P
9 12 11 P
9 12 12 P
9 12 13 P
9 12 14 P
9 12 15 P
9 12 16 P
9 12 17 P
9 12 18 P
9 12 19 P
9 12 20 P
9 12 21 P
9 12 22 P
9 13 -28 T
9 13 -27 P
9 13 -26 P
9 13 -25 P
9 13 -24 P
9 13 -23 P
9 13 -22 P
9 13 -21 P
9 13 -20 P
9 13 -19 P
9 13 -18 P
9 13 -17 P
9 13 -16 P
9 13 -15 P
9 13 -14 P
9 13 -13 P
9 13 -12 P
9 13 -11 P
9 13 -10 P
9 13 -9 P
9 13 -8 P
9 13 -7 P
9 13 -6 P
9 13 -5 P
9 13 -4 P
9 13 -3 P
9 13 -2 P
9 13 -1 P
9 13 0 P
9 13 1 P
9 13 2 P
9 13 3 P
9 13 4 P
9 13 5 P
9 13 6 P
9 13 7 P
9 13 8 P
9 13 9 P
9 13 10 P
9 13 11 P
9 13 12 P
9 13 13 P
9 13 14 P
9 13 15 P
9 14 -28 T
9 14 -27 P
9 14 -26 P
9 14 -25 P
9 14 -24 P
9 14 -23 P
9 14 -22 P
9 14 -21 P
9 14 -20 P
9 14 -19 P
9 14 -18 P
9 14 -17 P
9 14 -16 P
9 14 -15 P
9 14 -14 P
9 14 -13 P
9 14 -12 P
9 14 -11 P
9 14 -10 P
9 14 -9 P
9 14 -8 P
9 14 -7 P
9 14 -6 P
9 14 -5 P
9 14 -4 P
9 14 -3 P
9 14 -2 P
9 14 -1 P
9 14 0 P
9 14 1 P
9 14 2 P
9 14 3 P
9 14 4 P
9 14 5 P
9 14 6 P
9 14 7 P
9 14 8 P
9 14 9 P
9 14 10 P
9 14 11 P
9 14 12 G
9 15 -27 T
9 15 -26 P
9 15 -25 P
9 15 -24 P
9 15 -23 P
9 15 -22 P
9 15 -21 P
9 15 -20 P
9 15 -19 P
9 15 -18 P
9 15 -17 P
9 15 -16 P
9 15 -15 P
9 15 -14 P
9 15 -13 P
9 15 -12 P
9 15 -11 P
9 15 -10 P
9 15 -9 P
9 15 -8 P
9 15 -7 P
9 15 -6 P
9 15 -5 P
9 15 -4 P
9 15 -3 P
9 15 -2 P
9 15 -1 P
9 15 0 P
9 15 1 P
9 15 2 P
9 15 3 P
9 15 4 P
9 15 5 P
9 15 6 P
9 15 7 P
9 15 8 P
9 15 9 P
9 15 10 G
9 15 11 P
9 16 -27 P
9 16 -26 P
9 16 -25 P
9 16 -24 P
9 16 -23 P
9 16 -22 P
9 16 -21 P
9 16 -20 P
9 16 -19 P
9 16 -18 P
9 16 -17 P
9 16 -16 P
9 16 -15 P
9 16 -14 P
9 16 -13 P
9 16 -12 P
9 16 -11 P
9 16 -10 P
9 16 -9 P
9 16 -8 P
9 16 -7 P
9 16 -6 P
9 16 -5 P
9 16 -4 P
9 16 -3 P
9 16 -2 P
9 16 -1 P
9 16 0 P
9 16 1 P
9 16 2 P
9 16 3 P
9 16 4 P
9 16 5 P
9 16 6 P
9 16 7 P
9 16 8 P
9 16 9 P
9 17 -26 P
9 17 -25 P
9 17 -24 P
9 17 -23 G
9 17 -22 G
9 17 -21 G
9 17 -20 P
9 17 -19 P
9 17 -18 P
9 17 -17 P
9 17 -16 P
9 17 -15 P
9 17 -14 P
9 17 -13 P
9 17 -12 P
9 17 -11 P
9 17 -10 P
9 17 -9 P
9 17 -8 P
9 17 -7 P
9 17 -6 P
9 17 -5 P
9 17 -4 P
9 17 -3 P
9 17 -2 P
9 17 -1 P
9 17 0 P
9 17 1 P
9 17 2 P
9 17 3 P
9 17 4 P
9 17 5 G
9 17 6 P
9 17 7 P
9 17 8 P
9 18 -26 P
9 18 -25 P
9 18 -24 P
9 18 -23 G
9 18 -22 G
9 18 -21 G
9 18 -20 G
9 18 -19 G
9 18 -18 G
9 18 -17 G
9 18 -16 G
9 18 -15 G
9 18 -14 G
9 18 -13 G
9 18 -12 P
9 18 -11 P
9 18 -10 G
9 18 -9 G
9 18 -8 G
9 18 -7 G
9 18 -6 G
9 18 -5 G
9 18 -4 G
9 18 -3 G
9 18 -2 G
9 18 -1 P
9 18 0 P
9 18 1 G
9 18 2 G
9 18 3 G
9 18 4 G
9 18 5 G
9 18 6 P
9 18 7 P
9 19 -25 P
9 19 -24 P
9 19 -23 G
9 19 -22 G
9 19 -21 G
9 19 -20 G
9 19 -19 G
9 19 -18 G
9 19 -17 G
9 19 -16 G
9 19 -15 G
9 19 -14 G
9 19 -13 G
9 19 -12 P
9 19 -11 P
9 19 -10 G
9 19 -9 G
9 19 -8 P
9 19 -7 P
9 19 -6 P
9 19 -5 P
9 19 -4 P
9 19 -3 P
9 19 -2 P
9 19 -1 P
9 19 0 P
9 19 1 P
9 19 2 P
9 19 3 P
9 19 4 P
9 19 5 P
9 20 -23 P
9 20 -22 P
9 20 -21 P
9 20 -20 P
9 20 -19 P
9 20 -18 P
9 20 -17 P
9 20 -16 P
9 20 -15 P
9 20 -14 P
9 20 -13 P
9 20 -12 P
9 20 -11 P
9 20 -10 P
9 20 -9 P
10 5 -24 P
10 5 -23 P
10 5 -22 P
10 5 -21 P
10 5 -20 P
10 5 -19 P
10 5 -18 P
10 5 -17 P
10 5 -16 P
10 5 -15 P
10 5 -14 P
10 5 -13 P
10 5 -12 P
10 5 -11 P
10 5 -10 P
10 5 -9 P
10 5 -8 P
10 5 -7 P
10 5 -6 P
10 5 -5 P
10 5 -4 P
10 5 -3 P
10 5 -2 P
10 5 -1 P
10 5 0 P
10 5 1 P
10 5 2 P
10 5 3 P
10 5 4 P
10 5 5 P
10 5 6 P
10 5 7 P
10 5 8 P
10 5 9 P
10 5 10 P
10 5 11 P
10 5 12 P
10 5 13 P
10 5 14 P
10 5 15 P
10 5 16 P
10 5 17 P
10 5 18 P
10 5 19 P
10 5 20 P
10 5 21 P
10 5 22 P
10 6 -26 B
10 6 -25 P
10 6 -24 P
10 6 -23 P
10 6 -22 P
10 6 -21 P
10 6 -20 P
10 6 -19 P
10 6 -18 P
10 6 -17 P
10 6 -16 P
10 6 -15 P
10 6 -14 P
10 6 -13 P
10 6 -12 P
10 6 -11 P
10 6 -10 P
10 6 -9 P
10 6 -8 P
10 6 -7 P
10 6 -6 P
10 6 -5 P
10 6 -4 P
10 6 -3 P
10 6 -2 P
10 6 -1 P
10 6 0 P
10 6 1 P
10 6 2 P
10 6 3 P
10 6 4 P
10 6 5 P
10 6 6 P
10 6 7 P
10 6 8 P
10 6 9 P
10 6 10 P
10 6 11 P
10 6 12 P
10 6 13 P
10 6 14 P
10 6 15 P
10 6 16 P
10 6 17 P
10 6 18 P
10 6 19 P
10 6 20 P
10 6 21 P
10 6 22 P
10 6 23 P
10 7 -26 B
10 7 -25 B
10 7 -24 B
10 7 -23 B
10 7 -22 B
10 7 -21 B
10 7 -20 B
10 7 -19 B
10 7 -18 B
10 7 -17 B
10 7 -16 B
10 7 -15 B
10 7 -14 B
10 7 -13 B
10 7 -12 B
10 7 -11 B
10 7 -10 B
10 7 -9 B
10 7 -8 B
10 7 -7 B
10 7 -6 B
10 7 -5 B
10 7 -4 B
10 7 -3 P
10 7 -2 P
10 7 -1 P
10 7 0 P
10 7 1 B
10 7 2 B
10 7 3 B
10 7 4 B
10 7 5 B
10 7 6 B
10 7 7 B
10 7 8 B
10 7 9 B
10 7 10 B
10 7 11 B
10 7 12 B
10 7 13 B
10 7 14 B
10 7 15 B
10 7 16 B
10 7 17 B
10 7 18 B
10 7 19 B
10 7 20 B
10 7 21 B
10 7 22 B
10 7 23 B
10 8 -26 B
10 8 -25 P
10 8 -24 P
10 8 -23 P
10 8 -22 P
10 8 -21 P
10 8 -20 P
10 8 -19 P
10 8 -18 P
10 8 -17 P
10 8 -16 P
10 8 -15 P
10 8 -14 P
10 8 -13 P
10 8 -12 P
10 8 -11 P
10 8 -10 P
10 8 -9 P
10 8 -8 P
10 8 -7 P
10 8 -6 P
10 8 -5 P
10 8 -4 P
10 8 -3 P
10 8 -2 P
10 8 -1 P
10 8 0 P
10 8 1 P
10 8 2 P
10 8 3 P
10 8 4 P
10 8 5 P
10 8 6 P
10 8 7 P
10 8 8 P
10 8 9 P
10 8 10 P
10 8 11 P
10 8 12 P
10 8 13 P
10 8 14 P
10 8 15 P
10 8 16 P
10 8 17 P
10 8 18 P
10 8 19 P
10 8 20 P
10 8 21 P
10 8 22 P
10 8 23 P
10 9 -26 P
10 9 -25 P
10 9 -24 P
10 9 -23 P
10 9 -22 P
10 9 -21 P
10 9 -20 P
10 9 -19 P
10 9 -18 P
10 9 -17 P
10 9 -16 P
10 9 -15 P
10 9 -14 P
10 9 -13 P
10 9 -12 P
10 9 -11 P
10 9 -10 P
10 9 -9 P
10 9 -8 P
10 9 -7 P
10 9 -6 P
10 9 -5 P
10 9 -4 P
10 9 -3 P
10 9 -2 P
10 9 -1 P
10 9 0 P
10 9 1 P
10 9 2 P
10 9 3 P
10 9 4 P
10 9 5 P
10 9 6 P
10 9 7 P
10 9 8 P
10 9 9 P
10 9 10 P
10 9 11 P
10 9 12 P
10 9 13 P
10 9 14 P
10 9 15 P
10 9 16 P
10 9 17 P
10 9 18 P
10 9 19 P
10 9 20 P
10 9 21 P
10 9 22 P
10 9 23 P
10 10 -26 P
10 10 -25 P
10 10 -24 P
10 10 -23 P
10 10 -22 P
10 10 -21 P
10 10 -20 P
10 10 -19 P
10 10 -18 P
10 10 -17 P
10 10 -16 P
10 10 -15 P
10 10 -14 P
10 10 -13 P
10 10 -12 P
10 10 -11 P
10 10 -10 P
10 10 -9 P
10 10 -8 P
10 10 -7 P
10 10 -6 P
10 10 -5 P
10 10 -4 P
10 10 -3 P
10 10 -2 P
10 10 -1 P
10 10 0 P
10 10 1 P
10 10 2 P
10 10 3 P
10 10 4 P
10 10 5 P
10 10 6 P
10 10 7 P
10 10 8 P
10 10 9 P
10 10 10 P
10 10 11 P
10 10 12 P
10 10 13 P
10 10 14 P
10 10 15 P
10 10 16 P
10 10 17 P
10 10 18 P
10 10 19 P
10 10 20 P
10 10 21 P
10 10 22 P
10 10 23 P
10 11 -26 P
10 11 -25 P
10 11 -24 P
10 11 -23 P
10 11 -22 P
10 11 -21 P
10 11 -20 P
10 11 -19 P
10 11 -18 P
10 11 -17 P
10 11 -16 P
10 11 -15 P
10 11 -14 P
10 11 -13 P
10 11 -12 P
10 11 -11 P
10 11 -10 P
10 11 -9 P
10 11 -8 P
10 11 -7 P
10 11 -6 P
10 11 -5 P
10 11 -4 P
10 11 -3 P
10 11 -2 P
10 11 -1 P
10 11 0 P
10 11 1 P
10 11 2 P
10 11 3 P
10 11 4 P
10 11 5 P
10 11 6 P
10 11 7 P
10 11 8 P
10 11 9 P
10 11 10 P
10 11 11 P
10 11 12 P
10 11 13 P
10 11 14 P
10 11 15 P
10 11 16 P
10 11 17 P
10 11 18 P
10 11 19 P
10 11 20 P
10 11 21 P
10 11 22 P
10 11 23 P
10 12 -26 P
10 12 -25 P
10 12 -24 P
10 12 -23 P
10 12 -22 P
10 12 -21 P
10 12 -20 P
10 12 -19 P
10 12 -18 P
10 12 -17 P
10 12 -16 P
10 12 -15 P
10 12 -14 P
10 12 -13 P
10 12 -12 P
10 12 -11 P
10 12 -10 P
10 12 -9 P
10 12 -8 P
10 12 -7 P
10 12 -6 P
10 12 -5 P
10 12 -4 P
10 12 -3 P
10 12 -2 P
10 12 -1 P
10 12 0 P
10 12 1 P
10 12 2 P
10 12 3 P
10 12 4 P
10 12 5 P
10 12 6 P
10 12 7 P
10 12 8 P
10 12 9 P
10 12 10 P
10 12 11 P
10 12 12 P
10 12 13 P
10 12 14 P
10 12 15 P
10 12 16 P
10 12 17 P
10 12 18 P
10 12 19 P
10 12 20 P
10 13 -26 P
10 13 -25 P
10 13 -24 P
10 13 -23 P
10 13 -22 P
10 13 -21 P
10 13 -20 P
10 13 -19 P
10 13 -18 P
10 13 -17 P
10 13 -16 P
10 13 -15 P
10 13 -14 P
10 13 -13 P
10 13 -12 P
10 13 -11 P
10 13 -10 P
10 13 -9 P
10 13 -8 P
10 13 -7 P
10 13 -6 P
10 13 -5 P
10 13 -4 P
10 13 -3 P
10 13 -2 P
10 13 -1 P
10 13 0 P
10 13 1 P
10 13 2 P
10 13 3 P
10 13 4 P
10 13 5 P
10 13 6 P
10 13 7 P
10 13 8 P
10 13 9 P
10 13 10 P
10 13 11 P
10 13 12 P
10 13 13 P
10 13 14 P
10 14 -26 P
10 14 -25 P
10 14 -24 P
10 14 -23 P
10 14 -22 P
10 14 -21 P
10 14 -20 P
10 14 -19 P
10 14 -18 P
10 14 -17 P
10 14 -16 P
10 14 -15 P
10 14 -14 P
10 14 -13 P
10 14 -12 P
10 14 -11 P
10 14 -10 P
10 14 -9 P
10 14 -8 P
10 14 -7 P
10 14 -6 P
10 14 -5 P
10 14 -4 P
10 14 -3 P
10 14 -2 P
10 14 -1 P
10 14 0 P
10 14 1 P
10 14 2 P
10 14 3 G
10 14 4 G
10 14 5 G
10 14 6 P
10 14 7 P
10 14 8 P
10 14 9 P
10 14 10 P
10 14 11 P
10 14 12 P
10 15 -24 P
10 15 -23 G
10 15 -22 G
10 15 -21 G
10 15 -20 G
10 15 -19 G
10 15 -18 G
10 15 -17 G
10 15 -16 G
10 15 -15 G
10 15 -14 G
10 15 -13 G
10 15 -12 P
10 15 -11 P
10 15 -10 G
10 15 -9 G
10 15 -8 G
10 15 -7 G
10 15 -6 G
10 15 -5 G
10 15 -4 G
10 15 -3 G
10 15 -2 G
10 15 -1 P
10 15 0 P
10 15 1 G
10 15 2 G
10 15 3 G
10 15 4 G
10 15 5 G
10 15 6 P
10 15 7 P
10 15 8 P
10 15 9 P
10 15 10 P
10 16 -23 P
10 16 -22 P
10 16 -21 P
10 16 -20 G
10 16 -19 G
10 16 -18 G
10 16 -17 G
10 16 -16 G
10 16 -15 G
10 16 -14 G
10 16 -13 G
10 16 -12 P
10 16 -11 P
10 16 -10 G
10 16 -9 G
10 16 -8 G
10 16 -7 G
10 16 -6 G
10 16 -5 G
10 16 -4 G
10 16 -3 G
10 16 -2 G
10 16 -1 P
10 16 0 P
10 16 1 G
10 16 2 G
10 16 3 G
10 16 4 G
10 16 5 P
10 16 6 P
10 16 7 P
10 17 -20 P
10 17 -19 P
10 17 -18 P
10 17 -17 P
10 17 -16 P
10 17 -15 P
10 17 -14 P
10 17 -13 P
10 17 -12 P
10 17 -11 P
10 17 -10 P
10 17 -9 P
10 17 -8 P
10 17 -7 P
10 17 -6 P
10 17 -5 P
10 17 -4 P
10 17 -3 P
10 17 -2 P
10 17 -1 P
10 17 0 P
10 17 1 P
10 17 2 P
10 17 3 P
10 17 4 P
11 6 -3 P
11 6 -2 P
11 6 -1 P
11 6 0 P
11 7 -3 B
11 7 -2 B
11 7 -1 B
11 7 0 B
11 8 -3 P
11 8 -2 P
11 8 -1 P
11 8 0 P
11 9 -3 P
11 9 -2 P
11 9 -1 P
11 9 0 P
11 10 -3 P
11 10 -2 P
11 10 -1 P
11 10 0 P
11 11 -3 P
11 11 -2 P
11 11 -1 P
11 11 0 P
11 12 -3 P
11 12 -2 P
11 12 -1 P
11 12 0 P
